0.0065,-0.0243,0.0072,-0.0002,0.0003,-0.0001
0.0117,0.0048,0.0196,0.0008,-0.0001,-0.0006
0.0730,0.1209,0.0297,0.0082,-0.0071,0.0002
-0.0628,0.0904,-0.0370,0.0017,-0.0007,0.0015
0.0315,0.1099,-0.0277,0.0046,-0.0018,-0.0005
-0.0589,-0.0137,0.0020,-0.0049,0.0021,0.0010
0.0573,0.0460,0.0131,0.0006,-0.0030,-0.0005
-0.0287,0.0663,0.0233,0.0000,0.0019,-0.0001
-0.0001,0.0921,0.0194,0.0010,-0.0002,-0.0003
-0.3016,-1.2695,-0.3552,-0.0247,0.0054,0.0016
-0.2750,-1.2739,-0.3429,-0.0247,0.0040,0.0009
-0.3154,-1.2745,-0.3519,-0.0256,0.0062,0.0018
-0.3065,-1.2667,-0.3644,-0.0244,0.0053,0.0016
-0.3102,-1.2843,-0.3510,-0.0254,0.0061,0.0016
-0.3122,-1.2457,-0.3792,-0.0239,0.0054,0.0024
-0.2841,-1.2318,-0.3467,-0.0235,0.0055,0.0010
-0.2871,-1.2374,-0.3575,-0.0239,0.0048,0.0011
-0.2810,-1.2498,-0.3293,-0.0243,0.0050,0.0015
-0.2868,-1.2312,-0.3386,-0.0238,0.0051,0.0014
-0.2911,-1.2243,-0.3546,-0.0240,0.0053,0.0017
-0.2961,-1.2444,-0.3580,-0.0237,0.0051,0.0014
-0.2888,-1.2527,-0.3466,-0.0229,0.0057,0.0020
-0.2887,-1.2603,-0.3462,-0.0237,0.0048,0.0011
-0.3165,-1.2467,-0.3394,-0.0243,0.0052,0.0017
-0.2989,-1.2466,-0.3577,-0.0239,0.0050,0.0013
-0.3020,-1.2474,-0.3440,-0.0247,0.0047,0.0010
-0.3098,-1.2319,-0.3359,-0.0239,0.0051,0.0016
-0.3102,-1.2436,-0.3386,-0.0239,0.0051,0.0019
-0.2790,-1.2406,-0.3199,-0.0239,0.0050,0.0019
-0.2949,-1.2738,-0.3582,-0.0247,0.0046,0.0019
-0.2921,-1.2647,-0.3384,-0.0249,0.0038,0.0012
-0.3060,-1.2359,-0.3296,-0.0238,0.0044,0.0021
-0.2999,-1.2425,-0.3393,-0.0243,0.0051,0.0018
-0.3087,-1.2494,-0.3468,-0.0237,0.0046,0.0018
-0.2949,-1.2481,-0.3380,-0.0229,0.0059,0.0019
-0.2986,-1.2586,-0.3353,-0.0248,0.0064,0.0021
-0.3197,-1.2429,-0.3277,-0.0243,0.0056,0.0022
-0.3079,-1.2393,-0.3455,-0.0239,0.0053,0.0014
-0.3281,-1.2445,-0.3292,-0.0240,0.0052,0.0019
-0.2945,-1.2452,-0.3489,-0.0245,0.0051,0.0015
-0.3109,-1.2461,-0.3427,-0.0236,0.0050,0.0021
-0.3146,-1.2530,-0.3566,-0.0239,0.0057,0.0018
-0.3129,-1.2520,-0.3355,-0.0241,0.0053,0.0018
-0.3159,-1.2507,-0.3195,-0.0244,0.0053,0.0016
-0.3054,-1.2410,-0.3237,-0.0241,0.0051,0.0012
-0.3209,-1.2400,-0.3266,-0.0239,0.0044,0.0020
-0.3197,-1.2463,-0.3147,-0.0239,0.0047,0.0020
-0.3225,-1.2306,-0.3545,-0.0239,0.0047,0.0011
-0.2859,-1.2546,-0.3402,-0.0236,0.0054,0.0018
-0.3064,-1.2551,-0.3607,-0.0237,0.0056,0.0017
-0.2966,-1.2464,-0.3363,-0.0248,0.0050,0.0015
-0.3094,-1.2205,-0.3270,-0.0236,0.0048,0.0013
-0.3015,-1.2765,-0.3386,-0.0247,0.0046,0.0014
-0.2960,-1.2388,-0.3277,-0.0243,0.0044,0.0011
-0.3016,-1.2217,-0.3456,-0.0243,0.0047,0.0012
-0.2909,-1.2475,-0.3295,-0.0235,0.0054,0.0017
-0.3012,-1.2364,-0.3390,-0.0236,0.0056,0.0021
-0.3090,-1.2481,-0.3482,-0.0237,0.0050,0.0016
-0.3093,-1.2579,-0.3390,-0.0227,0.0054,0.0015
-0.3031,-1.2547,-0.3224,-0.0241,0.0053,0.0018
-0.3117,-1.2411,-0.3250,-0.0242,0.0050,0.0017
-0.3177,-1.2631,-0.3319,-0.0240,0.0053,0.0015
-0.3093,-1.2391,-0.3256,-0.0231,0.0050,0.0015
-0.3222,-1.2368,-0.3101,-0.0238,0.0053,0.0021
-0.2862,-1.2436,-0.3285,-0.0232,0.0058,0.0013
-0.3187,-1.2585,-0.3433,-0.0241,0.0052,0.0017
-0.2981,-1.2456,-0.3398,-0.0242,0.0046,0.0019
-0.3144,-1.2503,-0.3338,-0.0235,0.0043,0.0016
-0.2981,-1.2514,-0.3373,-0.0248,0.0049,0.0014
-0.3144,-1.2434,-0.3416,-0.0255,0.0053,0.0015
-0.2989,-1.2543,-0.3349,-0.0242,0.0042,0.0014
-0.3071,-1.2333,-0.3342,-0.0250,0.0043,0.0013
-0.2927,-1.2488,-0.3574,-0.0237,0.0043,0.0018
-0.3342,-1.2344,-0.3412,-0.0235,0.0049,0.0020
-0.3016,-1.2467,-0.3261,-0.0235,0.0051,0.0014
-0.2999,-1.2533,-0.3556,-0.0238,0.0048,0.0013
-0.3096,-1.2428,-0.3465,-0.0240,0.0060,0.0013
-0.3231,-1.2499,-0.3544,-0.0248,0.0061,0.0015
-0.3020,-1.2460,-0.3215,-0.0232,0.0053,0.0018
-0.2967,-1.2482,-0.3633,-0.0244,0.0055,0.0015
-0.3175,-1.2382,-0.3535,-0.0233,0.0049,0.0018
-0.2935,-1.2454,-0.3378,-0.0240,0.0045,0.0012
-0.3220,-1.2622,-0.3322,-0.0247,0.0054,0.0013
-0.3019,-1.2317,-0.3428,-0.0234,0.0059,0.0016
-0.2956,-1.2491,-0.3553,-0.0230,0.0056,0.0015
-0.3216,-1.2511,-0.3263,-0.0236,0.0061,0.0018
-0.3121,-1.2453,-0.3434,-0.0236,0.0058,0.0017
-0.2960,-1.2427,-0.3152,-0.0242,0.0052,0.0020
-0.3066,-1.2464,-0.3363,-0.0244,0.0051,0.0018
-0.3252,-1.2329,-0.3473,-0.0246,0.0053,0.0015
-0.3160,-1.2435,-0.3347,-0.0244,0.0057,0.0010
-0.3065,-1.2580,-0.3122,-0.0236,0.0049,0.0018
-0.3047,-1.2513,-0.3536,-0.0241,0.0053,0.0022
-0.3075,-1.2484,-0.3541,-0.0237,0.0061,0.0019
-0.2936,-1.2475,-0.3350,-0.0241,0.0041,0.0014
-0.3117,-1.2371,-0.3411,-0.0244,0.0054,0.0018
-0.3044,-1.2377,-0.3608,-0.0233,0.0054,0.0016
-0.3235,-1.2473,-0.3477,-0.0242,0.0057,0.0018
-0.2944,-1.2491,-0.3313,-0.0238,0.0049,0.0015
-0.3151,-1.2549,-0.3499,-0.0239,0.0053,0.0018
-0.3141,-1.2358,-0.3337,-0.0235,0.0054,0.0014
-0.3104,-1.2420,-0.3417,-0.0237,0.0051,0.0015
-0.3023,-1.2478,-0.3322,-0.0253,0.0058,0.0015
-0.3119,-1.2479,-0.3308,-0.0235,0.0053,0.0012
-0.3148,-1.2572,-0.3480,-0.0245,0.0061,0.0020
-0.3146,-1.2555,-0.3257,-0.0246,0.0053,0.0020
-0.3044,-1.2363,-0.3553,-0.0236,0.0051,0.0012
-0.3052,-1.2521,-0.3334,-0.0239,0.0059,0.0019
-0.3099,-1.2527,-0.3320,-0.0244,0.0059,0.0018
-0.2975,-1.2411,-0.3327,-0.0239,0.0051,0.0010
-0.3185,-1.2428,-0.3516,-0.0244,0.0063,0.0020
-0.2890,-1.2501,-0.3322,-0.0242,0.0048,0.0019
-0.3177,-1.2407,-0.3210,-0.0249,0.0059,0.0015
-0.2973,-1.2530,-0.3387,-0.0243,0.0053,0.0013
-0.3140,-1.2397,-0.3342,-0.0244,0.0046,0.0017
-0.2999,-1.2556,-0.3412,-0.0248,0.0053,0.0015
-0.3059,-1.2441,-0.3412,-0.0231,0.0045,0.0015
-0.3171,-1.2401,-0.3372,-0.0235,0.0054,0.0016
-0.3014,-1.2597,-0.3265,-0.0234,0.0050,0.0019
-0.3136,-1.2472,-0.3279,-0.0235,0.0044,0.0018
-0.3050,-1.2459,-0.3427,-0.0237,0.0053,0.0022
-0.2943,-1.2429,-0.3400,-0.0238,0.0042,0.0021
-0.3167,-1.2356,-0.3311,-0.0238,0.0054,0.0015
-0.3136,-1.2388,-0.3460,-0.0241,0.0051,0.0017
-0.3035,-1.2500,-0.3480,-0.0236,0.0058,0.0021
-0.2968,-1.2401,-0.3265,-0.0239,0.0057,0.0017
-0.2988,-1.2507,-0.3411,-0.0237,0.0044,0.0015
-0.3080,-1.2331,-0.3262,-0.0234,0.0053,0.0011
-0.2930,-1.2393,-0.3150,-0.0235,0.0041,0.0018
-0.3060,-1.2432,-0.3404,-0.0242,0.0054,0.0022
-0.3037,-1.2523,-0.3284,-0.0235,0.0053,0.0021
-0.2895,-1.2555,-0.3531,-0.0244,0.0056,0.0012
-0.3082,-1.2561,-0.3196,-0.0238,0.0057,0.0015
-0.3062,-1.2348,-0.3285,-0.0238,0.0046,0.0020
-0.3135,-1.2376,-0.3594,-0.0237,0.0057,0.0017
-0.3341,-1.2533,-0.3143,-0.0239,0.0055,0.0015
-0.2963,-1.2392,-0.3210,-0.0240,0.0064,0.0012
-0.2990,-1.2618,-0.3581,-0.0240,0.0054,0.0016
-0.3036,-1.2530,-0.3369,-0.0244,0.0052,0.0014
-0.2943,-1.2604,-0.3282,-0.0242,0.0051,0.0021
-0.3129,-1.2358,-0.3323,-0.0239,0.0065,0.0016
-0.3073,-1.2445,-0.3503,-0.0242,0.0058,0.0018
-0.3064,-1.2385,-0.3423,-0.0238,0.0052,0.0008
-0.3145,-1.2615,-0.3468,-0.0240,0.0061,0.0016
-0.3196,-1.2311,-0.3366,-0.0251,0.0053,0.0014
-0.3064,-1.2535,-0.3382,-0.0240,0.0042,0.0024
-0.3162,-1.2517,-0.3451,-0.0242,0.0052,0.0015
-0.2979,-1.2430,-0.3514,-0.0242,0.0059,0.0009
-0.3109,-1.2317,-0.3198,-0.0228,0.0049,0.0014
-0.3003,-1.2368,-0.3414,-0.0233,0.0052,0.0023
-0.3159,-1.2439,-0.3440,-0.0246,0.0050,0.0018
-0.2920,-1.2514,-0.3364,-0.0238,0.0045,0.0015
-0.3067,-1.2306,-0.3236,-0.0238,0.0047,0.0021
-0.2930,-1.2514,-0.3404,-0.0237,0.0049,0.0017
-0.3207,-1.2485,-0.3384,-0.0242,0.0052,0.0013
-0.3157,-1.2355,-0.3550,-0.0237,0.0049,0.0015
-0.3052,-1.2473,-0.3251,-0.0242,0.0053,0.0017
-0.3032,-1.2614,-0.3308,-0.0248,0.0056,0.0019
-0.2971,-1.2480,-0.3449,-0.0242,0.0052,0.0017
-0.3123,-1.2491,-0.3308,-0.0239,0.0051,0.0020
-0.3107,-1.2389,-0.3333,-0.0238,0.0049,0.0020
-0.3243,-1.2440,-0.3497,-0.0238,0.0048,0.0013
-0.2917,-1.2519,-0.3381,-0.0250,0.0050,0.0017
-0.2957,-1.2438,-0.3349,-0.0241,0.0043,0.0016
-0.3246,-1.2451,-0.3454,-0.0235,0.0059,0.0016
-0.3133,-1.2522,-0.3571,-0.0238,0.0052,0.0012
-0.3094,-1.2374,-0.3386,-0.0246,0.0035,0.0016
-0.3074,-1.2398,-0.3238,-0.0234,0.0056,0.0013
-0.2881,-1.2243,-0.3257,-0.0236,0.0049,0.0018
-0.3035,-1.2385,-0.3474,-0.0239,0.0056,0.0017
-0.3022,-1.2257,-0.3383,-0.0237,0.0047,0.0019
-0.3142,-1.2527,-0.3397,-0.0242,0.0050,0.0016
-0.2947,-1.2490,-0.3297,-0.0235,0.0043,0.0017
-0.3132,-1.2498,-0.3104,-0.0231,0.0063,0.0015
-0.2989,-1.2520,-0.3293,-0.0242,0.0049,0.0016
-0.3144,-1.2497,-0.3549,-0.0243,0.0051,0.0016
-0.3002,-1.2524,-0.3327,-0.0245,0.0052,0.0021
-0.3032,-1.2443,-0.3558,-0.0241,0.0051,0.0021
-0.3250,-1.2389,-0.3333,-0.0231,0.0057,0.0018
-0.2991,-1.2275,-0.3472,-0.0236,0.0047,0.0014
-0.3126,-1.2564,-0.3326,-0.0238,0.0059,0.0018
-0.3035,-1.2284,-0.3261,-0.0245,0.0054,0.0011
-0.2915,-1.2339,-0.3391,-0.0239,0.0046,0.0015
-0.2971,-1.2378,-0.3323,-0.0245,0.0049,0.0014
-0.2965,-1.2531,-0.3635,-0.0242,0.0047,0.0020
-0.2994,-1.2436,-0.3246,-0.0241,0.0050,0.0019
-0.2933,-1.2484,-0.3290,-0.0238,0.0056,0.0020
-0.2863,-1.2430,-0.3225,-0.0235,0.0049,0.0020
-0.3054,-1.2580,-0.3471,-0.0238,0.0052,0.0016
-0.2922,-1.2338,-0.3345,-0.0240,0.0054,0.0014
-0.3140,-1.2392,-0.3381,-0.0234,0.0054,0.0016
-0.3002,-1.2273,-0.3382,-0.0237,0.0057,0.0019
-0.3019,-1.2538,-0.3216,-0.0238,0.0051,0.0017
-0.3057,-1.2547,-0.3526,-0.0241,0.0046,0.0015
-0.3032,-1.2517,-0.3440,-0.0243,0.0055,0.0013
-0.2808,-1.2422,-0.3519,-0.0244,0.0056,0.0026
-0.2981,-1.2327,-0.3456,-0.0244,0.0056,0.0018
-0.3161,-1.2371,-0.3302,-0.0233,0.0043,0.0014
-0.2941,-1.2263,-0.3355,-0.0239,0.0050,0.0014
-0.2984,-1.2388,-0.3384,-0.0244,0.0041,0.0012
-0.3121,-1.2477,-0.3431,-0.0235,0.0046,0.0017
-0.2954,-1.2364,-0.3378,-0.0237,0.0039,0.0021
-0.2997,-1.2517,-0.3389,-0.0256,0.0047,0.0017
-0.3179,-1.2455,-0.3467,-0.0228,0.0045,0.0015
-0.3095,-1.2499,-0.3268,-0.0238,0.0055,0.0024
-0.2928,-1.2303,-0.3352,-0.0242,0.0049,0.0017
-0.3264,-1.2514,-0.3535,-0.0236,0.0056,0.0018
-0.3015,-1.2359,-0.3318,-0.0240,0.0053,0.0015
-0.2932,-1.2453,-0.3348,-0.0243,0.0051,0.0024
-0.3151,-1.2535,-0.3243,-0.0238,0.0048,0.0012
-0.2985,-1.2355,-0.3282,-0.0237,0.0050,0.0014
-0.3092,-1.2475,-0.3296,-0.0232,0.0050,0.0019
-0.3088,-1.2398,-0.3360,-0.0244,0.0055,0.0018
-0.2861,-1.2443,-0.3460,-0.0240,0.0045,0.0017
-0.3048,-1.2318,-0.3325,-0.0245,0.0049,0.0018
-0.2845,-1.2439,-0.3322,-0.0235,0.0038,0.0020
-0.2939,-1.2641,-0.3386,-0.0237,0.0047,0.0018
-0.3060,-1.2472,-0.3457,-0.0240,0.0047,0.0013
-0.2934,-1.2411,-0.3537,-0.0248,0.0042,0.0014
-0.2990,-1.2440,-0.3402,-0.0237,0.0042,0.0016
-0.2857,-1.2537,-0.3527,-0.0242,0.0048,0.0012
-0.3123,-1.2394,-0.3546,-0.0240,0.0054,0.0017
-0.3075,-1.2275,-0.3284,-0.0233,0.0054,0.0017
-0.3207,-1.2419,-0.3573,-0.0242,0.0051,0.0019
-0.3087,-1.2574,-0.3388,-0.0244,0.0050,0.0013
-0.3150,-1.2493,-0.3337,-0.0249,0.0049,0.0012
-0.3049,-1.2431,-0.3424,-0.0243,0.0055,0.0018
-0.2883,-1.2341,-0.3514,-0.0242,0.0048,0.0023
-0.3022,-1.2404,-0.3432,-0.0245,0.0045,0.0014
-0.3039,-1.2353,-0.3523,-0.0241,0.0043,0.0014
-0.3005,-1.2434,-0.3231,-0.0240,0.0045,0.0019
-0.3034,-1.2373,-0.3319,-0.0241,0.0051,0.0018
-0.2880,-1.2362,-0.3363,-0.0232,0.0034,0.0015
-0.2998,-1.2546,-0.3355,-0.0244,0.0051,0.0021
-0.2978,-1.2576,-0.3503,-0.0234,0.0048,0.0017
-0.2997,-1.2387,-0.3398,-0.0235,0.0054,0.0018
-0.2971,-1.2269,-0.3377,-0.0237,0.0053,0.0014
-0.2966,-1.2469,-0.3398,-0.0239,0.0054,0.0011
-0.2986,-1.2371,-0.3436,-0.0243,0.0053,0.0020
-0.3005,-1.2414,-0.3449,-0.0242,0.0054,0.0009
-0.2941,-1.2387,-0.3467,-0.0238,0.0045,0.0015
-0.2950,-1.2287,-0.3331,-0.0235,0.0046,0.0018
-0.3122,-1.2476,-0.3265,-0.0245,0.0046,0.0015
-0.2772,-1.2333,-0.3415,-0.0229,0.0057,0.0015
-0.3013,-1.2551,-0.3467,-0.0237,0.0060,0.0016
-0.3007,-1.2367,-0.3330,-0.0240,0.0047,0.0017
-0.2848,-1.2532,-0.3446,-0.0246,0.0048,0.0016
-0.3088,-1.2615,-0.3263,-0.0236,0.0059,0.0020
-0.2921,-1.2482,-0.3628,-0.0236,0.0046,0.0018
-0.3122,-1.2392,-0.3125,-0.0232,0.0056,0.0015
-0.2990,-1.2415,-0.3286,-0.0236,0.0055,0.0017
-0.3246,-1.2486,-0.3212,-0.0246,0.0041,0.0013
-0.2871,-1.2409,-0.3370,-0.0242,0.0048,0.0017
-0.3239,-1.2483,-0.3386,-0.0241,0.0047,0.0022
-0.3227,-1.2334,-0.3404,-0.0232,0.0057,0.0010
-0.3132,-1.2530,-0.3459,-0.0233,0.0053,0.0010
-0.3066,-1.2399,-0.3191,-0.0237,0.0050,0.0015
-0.3099,-1.2560,-0.3316,-0.0242,0.0051,0.0017
-0.2897,-1.2441,-0.3299,-0.0239,0.0043,0.0019
-0.3124,-1.2421,-0.3528,-0.0238,0.0044,0.0017
-0.3122,-1.2316,-0.3305,-0.0232,0.0045,0.0016
-0.3229,-1.2456,-0.3461,-0.0238,0.0049,0.0013
-0.3131,-1.2458,-0.3676,-0.0236,0.0050,0.0022
-0.3077,-1.2244,-0.3198,-0.0235,0.0055,0.0015
-0.3111,-1.2503,-0.3433,-0.0239,0.0059,0.0014
-0.3021,-1.2630,-0.3257,-0.0241,0.0051,0.0017
-0.2985,-1.2395,-0.3580,-0.0233,0.0065,0.0015
-0.3055,-1.2362,-0.3307,-0.0236,0.0050,0.0015
-0.2938,-1.2387,-0.3470,-0.0232,0.0048,0.0016
-0.3019,-1.2398,-0.3353,-0.0234,0.0053,0.0013
-0.3232,-1.2377,-0.3312,-0.0237,0.0054,0.0015
-0.3094,-1.2541,-0.3396,-0.0240,0.0049,0.0023
-0.3190,-1.2344,-0.3311,-0.0242,0.0046,0.0017
-0.3083,-1.2503,-0.3433,-0.0233,0.0051,0.0016
-0.3001,-1.2442,-0.3317,-0.0234,0.0041,0.0014
-0.3101,-1.2589,-0.3297,-0.0234,0.0059,0.0014
-0.3237,-1.2458,-0.3386,-0.0240,0.0057,0.0017
-0.2985,-1.2474,-0.3296,-0.0227,0.0049,0.0019
-0.3071,-1.2370,-0.3259,-0.0237,0.0059,0.0017
-0.3003,-1.2422,-0.3424,-0.0244,0.0046,0.0009
-0.3114,-1.2576,-0.3479,-0.0239,0.0048,0.0021
-0.3017,-1.2286,-0.3484,-0.0234,0.0057,0.0012
-0.2852,-1.2336,-0.3188,-0.0238,0.0055,0.0020
-0.3067,-1.2467,-0.3330,-0.0235,0.0044,0.0013
-0.3007,-1.2453,-0.3325,-0.0237,0.0052,0.0021
-0.2853,-1.2406,-0.3363,-0.0241,0.0043,0.0014
-0.3016,-1.2383,-0.3545,-0.0234,0.0046,0.0018
-0.3088,-1.2257,-0.3261,-0.0236,0.0046,0.0016
-0.3007,-1.2409,-0.3293,-0.0246,0.0046,0.0022
-0.3047,-1.2438,-0.3335,-0.0234,0.0052,0.0013
-0.3068,-1.2497,-0.3328,-0.0232,0.0046,0.0016
-0.2999,-1.2487,-0.3372,-0.0240,0.0051,0.0018
-0.3042,-1.2251,-0.3285,-0.0234,0.0046,0.0018
-0.3077,-1.2405,-0.3417,-0.0233,0.0050,0.0022
-0.3001,-1.2405,-0.3384,-0.0232,0.0043,0.0020
-0.2939,-1.2403,-0.3468,-0.0240,0.0047,0.0020
-0.2986,-1.2337,-0.3411,-0.0237,0.0050,0.0017
-0.3028,-1.2353,-0.3555,-0.0237,0.0053,0.0014
-0.2960,-1.2385,-0.3408,-0.0240,0.0056,0.0010
-0.3070,-1.2526,-0.3278,-0.0234,0.0054,0.0011
-0.2992,-1.2457,-0.3401,-0.0232,0.0053,0.0017
-0.3024,-1.2347,-0.3421,-0.0240,0.0058,0.0016
-0.2827,-1.2377,-0.3461,-0.0229,0.0055,0.0015
-0.3088,-1.2565,-0.3367,-0.0245,0.0057,0.0015
-0.3093,-1.2181,-0.3174,-0.0236,0.0043,0.0017
-0.3079,-1.2441,-0.3399,-0.0248,0.0055,0.0017
-0.2869,-1.2457,-0.3467,-0.0242,0.0040,0.0016
-0.3118,-1.2378,-0.3389,-0.0234,0.0049,0.0011
-0.3050,-1.2261,-0.3278,-0.0245,0.0054,0.0013
-0.2953,-1.2448,-0.3345,-0.0234,0.0043,0.0013
-0.3168,-1.2535,-0.3491,-0.0241,0.0050,0.0019
-0.3135,-1.2305,-0.3332,-0.0235,0.0044,0.0012
-0.3106,-1.2380,-0.3387,-0.0240,0.0051,0.0019
-0.2928,-1.2437,-0.3688,-0.0230,0.0046,0.0018
-0.3034,-1.2336,-0.3263,-0.0233,0.0047,0.0016
-0.2967,-1.2617,-0.3547,-0.0242,0.0048,0.0017
-0.3068,-1.2253,-0.3507,-0.0241,0.0049,0.0013
-0.3129,-1.2456,-0.3389,-0.0230,0.0049,0.0018
-0.2984,-1.2387,-0.3362,-0.0233,0.0056,0.0009
-0.3120,-1.2510,-0.3262,-0.0239,0.0049,0.0017
-0.2926,-1.2317,-0.3478,-0.0241,0.0045,0.0013
-0.3040,-1.2468,-0.3381,-0.0234,0.0052,0.0012
-0.3102,-1.2448,-0.3282,-0.0242,0.0046,0.0013
-0.2890,-1.2362,-0.3208,-0.0247,0.0046,0.0017
-0.3125,-1.2354,-0.3281,-0.0233,0.0054,0.0016
-0.3066,-1.2516,-0.3196,-0.0229,0.0054,0.0016
-0.2863,-1.2338,-0.3440,-0.0234,0.0042,0.0016
-0.3102,-1.2488,-0.3330,-0.0230,0.0053,0.0012
-0.2934,-1.2266,-0.3377,-0.0231,0.0055,0.0012
-0.3253,-1.2396,-0.3157,-0.0244,0.0057,0.0013
-0.3014,-1.2396,-0.3289,-0.0240,0.0051,0.0013
-0.3226,-1.2298,-0.3254,-0.0241,0.0056,0.0014
-0.3037,-1.2464,-0.3578,-0.0249,0.0051,0.0016
-0.2972,-1.2448,-0.3222,-0.0235,0.0050,0.0015
-0.2882,-1.2506,-0.3508,-0.0231,0.0049,0.0012
-0.2968,-1.2384,-0.3126,-0.0241,0.0042,0.0013
-0.2936,-1.2333,-0.3296,-0.0244,0.0049,0.0015
-0.3042,-1.2322,-0.3293,-0.0232,0.0046,0.0016
-0.3140,-1.2460,-0.3447,-0.0229,0.0056,0.0017
-0.3024,-1.2455,-0.3391,-0.0237,0.0055,0.0010
-0.2996,-1.2504,-0.3580,-0.0227,0.0048,0.0017
-0.3267,-1.2461,-0.3370,-0.0237,0.0053,0.0016
-0.3111,-1.2464,-0.3490,-0.0242,0.0049,0.0020
-0.3077,-1.2453,-0.3218,-0.0236,0.0061,0.0017
-0.2947,-1.2577,-0.3234,-0.0236,0.0046,0.0018
-0.3165,-1.2346,-0.3303,-0.0242,0.0047,0.0020
-0.3231,-1.2344,-0.3287,-0.0244,0.0048,0.0017
-0.2913,-1.2415,-0.3331,-0.0235,0.0049,0.0018
-0.3196,-1.2560,-0.3372,-0.0233,0.0055,0.0020
-0.3048,-1.2408,-0.3359,-0.0230,0.0056,0.0019
-0.3088,-1.2482,-0.3187,-0.0235,0.0056,0.0016
-0.3017,-1.2616,-0.3447,-0.0236,0.0057,0.0022
-0.3125,-1.2543,-0.3436,-0.0234,0.0058,0.0012
-0.3143,-1.2296,-0.3464,-0.0240,0.0054,0.0013
-0.2836,-1.2445,-0.3333,-0.0244,0.0047,0.0012
-0.3083,-1.2574,-0.3488,-0.0235,0.0047,0.0018
-0.3134,-1.2400,-0.3359,-0.0235,0.0056,0.0018
-0.2917,-1.2507,-0.3369,-0.0244,0.0045,0.0013
-0.3147,-1.2479,-0.3418,-0.0231,0.0053,0.0015
-0.3077,-1.2355,-0.3435,-0.0234,0.0048,0.0015
-0.2891,-1.2448,-0.3388,-0.0229,0.0043,0.0015
-0.3047,-1.2351,-0.3256,-0.0230,0.0045,0.0020
-0.3032,-1.2276,-0.3465,-0.0237,0.0050,0.0015
-0.2988,-1.2413,-0.3325,-0.0229,0.0052,0.0020
-0.3215,-1.2380,-0.3274,-0.0236,0.0057,0.0016
-0.3167,-1.2467,-0.3311,-0.0244,0.0052,0.0013
-0.2978,-1.2428,-0.3565,-0.0236,0.0047,0.0014
-0.3109,-1.2439,-0.3275,-0.0241,0.0058,0.0014
-0.2858,-1.2330,-0.3274,-0.0231,0.0041,0.0014
-0.3119,-1.2496,-0.3445,-0.0247,0.0049,0.0016
-0.2882,-1.2295,-0.3333,-0.0234,0.0045,0.0014
-0.3171,-1.2488,-0.3288,-0.0238,0.0043,0.0013
-0.2882,-1.2382,-0.3454,-0.0238,0.0045,0.0024
-0.2901,-1.2477,-0.3678,-0.0234,0.0049,0.0012
-0.3025,-1.2336,-0.3580,-0.0223,0.0049,0.0012
-0.2947,-1.2474,-0.3249,-0.0238,0.0048,0.0015
-0.3069,-1.2406,-0.3322,-0.0226,0.0046,0.0013
-0.3186,-1.2455,-0.3500,-0.0238,0.0058,0.0018
-0.2908,-1.2305,-0.3158,-0.0228,0.0051,0.0017
-0.2862,-1.2375,-0.3373,-0.0235,0.0048,0.0020
-0.3081,-1.2419,-0.3550,-0.0232,0.0046,0.0014
-0.3080,-1.2447,-0.3216,-0.0245,0.0045,0.0017
-0.3060,-1.2430,-0.3464,-0.0232,0.0052,0.0016
-0.3245,-1.2299,-0.3318,-0.0235,0.0057,0.0013
-0.3205,-1.2434,-0.3420,-0.0228,0.0048,0.0015
-0.3020,-1.2452,-0.3258,-0.0227,0.0049,0.0019
-0.2979,-1.2502,-0.3495,-0.0238,0.0047,0.0014
-0.3095,-1.2261,-0.3367,-0.0233,0.0040,0.0017
-0.3067,-1.2518,-0.3395,-0.0234,0.0041,0.0016
-0.2885,-1.2350,-0.3508,-0.0235,0.0038,0.0013
-0.3188,-1.2456,-0.3447,-0.0235,0.0051,0.0022
-0.3103,-1.2269,-0.3391,-0.0230,0.0042,0.0016
-0.2926,-1.2407,-0.3501,-0.0240,0.0047,0.0018
-0.2963,-1.2420,-0.3384,-0.0231,0.0050,0.0014
-0.3145,-1.2488,-0.3392,-0.0230,0.0046,0.0016
-0.2946,-1.2575,-0.3430,-0.0237,0.0056,0.0016
-0.3085,-1.2406,-0.3228,-0.0235,0.0048,0.0014
-0.3232,-1.2479,-0.3503,-0.0240,0.0045,0.0010
-0.3205,-1.2314,-0.3439,-0.0234,0.0052,0.0012
-0.2892,-1.2598,-0.3338,-0.0244,0.0045,0.0019
-0.3117,-1.2390,-0.3554,-0.0238,0.0046,0.0012
-0.3208,-1.2401,-0.3489,-0.0234,0.0042,0.0013
-0.2856,-1.2433,-0.3292,-0.0235,0.0047,0.0019
-0.3094,-1.2495,-0.3196,-0.0234,0.0048,0.0012
-0.3356,-1.2436,-0.3382,-0.0245,0.0054,0.0015
-0.3066,-1.2186,-0.3439,-0.0232,0.0042,0.0014
-0.2943,-1.2425,-0.3479,-0.0232,0.0060,0.0020
-0.3053,-1.2480,-0.3486,-0.0238,0.0060,0.0019
-0.3174,-1.2271,-0.3101,-0.0241,0.0046,0.0016
-0.3057,-1.2363,-0.3338,-0.0234,0.0058,0.0015
-0.3185,-1.2330,-0.3418,-0.0236,0.0047,0.0016
-0.2995,-1.2332,-0.3193,-0.0239,0.0047,0.0011
-0.3003,-1.2621,-0.3362,-0.0249,0.0054,0.0016
-0.3112,-1.2455,-0.3168,-0.0238,0.0057,0.0021
-0.3058,-1.2412,-0.3449,-0.0230,0.0052,0.0013
-0.2950,-1.2604,-0.3469,-0.0231,0.0046,0.0015
-0.3131,-1.2462,-0.3482,-0.0232,0.0049,0.0016
-0.3053,-1.2540,-0.3253,-0.0237,0.0045,0.0018
-0.2983,-1.2258,-0.3425,-0.0239,0.0050,0.0016
-0.3181,-1.2413,-0.3183,-0.0243,0.0050,0.0017
-0.2962,-1.2405,-0.3191,-0.0237,0.0043,0.0013
-0.3240,-1.2354,-0.3399,-0.0235,0.0054,0.0011
-0.2986,-1.2351,-0.3464,-0.0232,0.0047,0.0017
-0.3096,-1.2453,-0.3212,-0.0233,0.0045,0.0013
-0.3137,-1.2419,-0.3328,-0.0239,0.0043,0.0018
-0.2960,-1.2227,-0.3436,-0.0236,0.0041,0.0015
-0.2889,-1.2409,-0.3430,-0.0240,0.0043,0.0015
-0.3098,-1.2362,-0.3269,-0.0233,0.0045,0.0020
-0.3049,-1.2294,-0.3511,-0.0227,0.0048,0.0018
-0.3188,-1.2264,-0.3305,-0.0231,0.0053,0.0015
-0.3014,-1.2416,-0.3391,-0.0237,0.0045,0.0013
-0.3255,-1.2509,-0.3417,-0.0238,0.0056,0.0013
-0.3065,-1.2387,-0.3519,-0.0221,0.0054,0.0017
-0.3069,-1.2309,-0.3304,-0.0240,0.0050,0.0015
-0.3101,-1.2372,-0.3275,-0.0231,0.0052,0.0015
-0.3029,-1.2434,-0.3445,-0.0230,0.0050,0.0013
-0.3075,-1.2451,-0.3283,-0.0231,0.0046,0.0015
-0.2977,-1.2355,-0.3314,-0.0230,0.0046,0.0020
-0.2927,-1.2390,-0.3243,-0.0229,0.0054,0.0014
-0.2849,-1.2461,-0.3474,-0.0237,0.0057,0.0016
-0.2979,-1.2423,-0.3119,-0.0240,0.0045,0.0017
-0.3010,-1.2598,-0.3346,-0.0234,0.0043,0.0014
-0.3110,-1.2466,-0.3375,-0.0235,0.0045,0.0014
-0.3017,-1.2335,-0.3262,-0.0245,0.0045,0.0009
-0.2889,-1.2525,-0.3375,-0.0244,0.0050,0.0015
-0.3255,-1.2375,-0.3193,-0.0240,0.0052,0.0019
-0.3168,-1.2343,-0.3483,-0.0239,0.0048,0.0015
-0.3094,-1.2440,-0.3406,-0.0226,0.0053,0.0018
-0.3008,-1.2364,-0.3345,-0.0226,0.0053,0.0015
-0.3155,-1.2429,-0.3373,-0.0236,0.0053,0.0015
-0.2935,-1.2412,-0.3303,-0.0233,0.0045,0.0015
-0.2892,-1.2523,-0.3290,-0.0240,0.0049,0.0017
-0.2976,-1.2543,-0.3579,-0.0234,0.0048,0.0010
-0.2794,-1.2360,-0.3419,-0.0239,0.0043,0.0017
-0.2940,-1.2429,-0.3243,-0.0227,0.0051,0.0012
-0.3129,-1.2353,-0.3397,-0.0231,0.0042,0.0015
-0.2984,-1.2346,-0.3483,-0.0227,0.0050,0.0013
-0.3111,-1.2437,-0.3425,-0.0230,0.0047,0.0013
-0.3044,-1.2337,-0.3318,-0.0231,0.0052,0.0013
-0.3256,-1.2446,-0.3429,-0.0242,0.0048,0.0011
-0.3015,-1.2439,-0.3321,-0.0227,0.0043,0.0016
-0.3052,-1.2496,-0.3317,-0.0231,0.0044,0.0012
-0.3059,-1.2369,-0.3377,-0.0231,0.0041,0.0014
-0.3220,-1.2333,-0.3447,-0.0245,0.0053,0.0020
-0.3128,-1.2419,-0.3401,-0.0239,0.0051,0.0016
-0.2739,-1.2342,-0.3468,-0.0232,0.0048,0.0021
-0.3033,-1.2501,-0.3618,-0.0237,0.0038,0.0015
-0.3188,-1.2453,-0.3378,-0.0240,0.0036,0.0023
-0.2994,-1.2553,-0.3464,-0.0223,0.0036,0.0013
-0.3147,-1.2363,-0.3349,-0.0223,0.0043,0.0014
-0.3009,-1.2473,-0.3485,-0.0235,0.0039,0.0019
-0.3079,-1.2290,-0.3366,-0.0234,0.0036,0.0016
-0.2921,-1.2521,-0.3204,-0.0241,0.0037,0.0007
-0.3040,-1.2267,-0.3320,-0.0234,0.0038,0.0012
-0.3111,-1.2295,-0.3313,-0.0239,0.0053,0.0012
-0.3088,-1.2607,-0.3218,-0.0236,0.0044,0.0019
-0.2932,-1.2411,-0.3437,-0.0231,0.0037,0.0014
-0.3178,-1.2523,-0.3569,-0.0234,0.0061,0.0013
-0.2876,-1.2305,-0.3412,-0.0222,0.0039,0.0014
-0.3143,-1.2556,-0.3328,-0.0233,0.0049,0.0015
-0.2931,-1.2483,-0.3353,-0.0228,0.0042,0.0011
-0.3207,-1.2390,-0.3357,-0.0244,0.0052,0.0018
-0.3108,-1.2376,-0.3404,-0.0244,0.0051,0.0015
-0.2950,-1.2394,-0.3436,-0.0242,0.0045,0.0013
-0.3058,-1.2481,-0.3435,-0.0244,0.0044,0.0016
-0.2950,-1.2480,-0.3413,-0.0238,0.0033,0.0009
-0.3090,-1.2587,-0.3496,-0.0249,0.0041,0.0012
-0.3078,-1.2412,-0.3426,-0.0226,0.0038,0.0014
-0.2935,-1.2256,-0.3327,-0.0234,0.0040,0.0012
-0.3115,-1.2476,-0.3280,-0.0239,0.0043,0.0009
-0.2856,-1.2402,-0.3301,-0.0230,0.0043,0.0011
-0.3067,-1.2584,-0.3401,-0.0235,0.0045,0.0019
-0.3029,-1.2230,-0.3433,-0.0235,0.0040,0.0013
-0.3127,-1.2431,-0.3351,-0.0227,0.0049,0.0018
-0.3093,-1.2390,-0.3415,-0.0225,0.0052,0.0016
-0.2913,-1.2395,-0.3512,-0.0233,0.0044,0.0012
-0.3087,-1.2463,-0.3268,-0.0238,0.0051,0.0015
-0.3146,-1.2548,-0.3238,-0.0230,0.0046,0.0013
-0.3008,-1.2428,-0.3321,-0.0240,0.0059,0.0014
-0.3045,-1.2431,-0.3321,-0.0239,0.0046,0.0018
-0.3156,-1.2348,-0.3659,-0.0232,0.0048,0.0018
-0.2951,-1.2184,-0.3461,-0.0233,0.0047,0.0013
-0.2794,-1.2431,-0.3488,-0.0238,0.0048,0.0011
-0.2918,-1.2459,-0.3299,-0.0238,0.0045,0.0015
-0.3080,-1.2581,-0.3403,-0.0248,0.0047,0.0017
-0.2965,-1.2355,-0.3519,-0.0231,0.0049,0.0012
-0.3394,-1.2454,-0.3445,-0.0244,0.0050,0.0019
-0.3210,-1.2322,-0.3334,-0.0231,0.0054,0.0016
-0.3158,-1.2563,-0.3316,-0.0240,0.0050,0.0014
-0.3038,-1.2418,-0.3434,-0.0234,0.0047,0.0012
-0.3039,-1.2470,-0.3302,-0.0228,0.0050,0.0016
-0.3129,-1.2495,-0.3226,-0.0239,0.0046,0.0015
-0.2940,-1.2292,-0.3490,-0.0232,0.0041,0.0013
-0.3093,-1.2506,-0.3401,-0.0236,0.0050,0.0011
-0.3107,-1.2450,-0.3454,-0.0228,0.0044,0.0017
-0.2961,-1.2408,-0.3483,-0.0235,0.0046,0.0015
-0.3052,-1.2462,-0.3480,-0.0240,0.0041,0.0015
-0.3021,-1.2555,-0.3440,-0.0239,0.0042,0.0018
-0.3180,-1.2399,-0.3308,-0.0242,0.0047,0.0016
-0.3053,-1.2439,-0.3340,-0.0224,0.0043,0.0016
-0.3043,-1.2524,-0.3235,-0.0232,0.0045,0.0017
-0.3038,-1.2478,-0.3400,-0.0239,0.0040,0.0018
-0.3096,-1.2413,-0.3282,-0.0242,0.0039,0.0013
-0.2841,-1.2362,-0.3240,-0.0231,0.0035,0.0013
-0.2997,-1.2448,-0.3416,-0.0228,0.0050,0.0016
-0.3016,-1.2576,-0.3347,-0.0237,0.0052,0.0017
-0.2921,-1.2402,-0.3126,-0.0238,0.0054,0.0015
-0.3074,-1.2244,-0.3397,-0.0240,0.0048,0.0013
-0.3105,-1.2476,-0.3395,-0.0240,0.0054,0.0010
-0.2960,-1.2582,-0.3374,-0.0238,0.0045,0.0018
-0.3056,-1.2469,-0.3196,-0.0230,0.0039,0.0014
-0.2970,-1.2552,-0.3262,-0.0240,0.0051,0.0018
-0.3172,-1.2375,-0.3326,-0.0232,0.0034,0.0018
-0.3032,-1.2522,-0.3490,-0.0237,0.0044,0.0013
-0.2952,-1.2573,-0.3438,-0.0233,0.0054,0.0012
-0.3031,-1.2275,-0.3392,-0.0226,0.0041,0.0012
-0.3303,-1.2495,-0.3280,-0.0234,0.0048,0.0021
-0.3086,-1.2436,-0.3274,-0.0226,0.0053,0.0015
-0.3149,-1.2503,-0.3376,-0.0232,0.0052,0.0015
-0.2935,-1.2367,-0.3364,-0.0232,0.0044,0.0015
-0.2971,-1.2499,-0.3162,-0.0238,0.0048,0.0017
-0.3199,-1.2926,-0.1457,-0.0215,0.0116,0.0037
-0.3336,-1.3449,-0.0263,-0.0211,0.0143,0.0054
-0.3060,-1.3452,-0.0527,-0.0210,0.0128,0.0048
-0.2971,-1.3628,0.0823,-0.0190,0.0170,0.0060
-0.2956,-1.3525,0.1026,-0.0194,0.0178,0.0045
-0.3112,-1.3998,0.1737,-0.0193,0.0195,0.0056
-0.3339,-1.3906,0.2037,-0.0204,0.0213,0.0068
-0.3322,-1.4127,0.1851,-0.0214,0.0213,0.0069
-0.3342,-1.3942,0.1356,-0.0225,0.0197,0.0058
-0.3286,-1.3647,0.0252,-0.0219,0.0163,0.0054
-0.3413,-1.3740,-0.0677,-0.0243,0.0126,0.0040
-0.3116,-1.3261,-0.1372,-0.0244,0.0104,0.0036
-0.2721,-1.3243,-0.2067,-0.0252,0.0072,0.0034
-0.2706,-1.3925,-0.2482,-0.0291,0.0063,0.0034
-0.2706,-1.4532,-0.2185,-0.0330,0.0066,0.0029
-0.3008,-1.5819,-0.1314,-0.0402,0.0103,0.0043
-0.3374,-1.6831,-0.0340,-0.0441,0.0143,0.0052
-0.5036,-1.6828,0.0816,-0.0431,0.0247,0.0071
-0.6420,-1.6574,0.1762,-0.0386,0.0348,0.0081
-0.8397,-1.5698,0.2459,-0.0353,0.0474,0.0084
-1.0251,-1.5313,0.3201,-0.0333,0.0562,0.0083
-1.1423,-1.4524,0.4804,-0.0308,0.0621,0.0083
-1.1753,-1.3734,0.5535,-0.0263,0.0655,0.0079
-1.0995,-1.2606,0.5514,-0.0192,0.0620,0.0057
-0.9216,-1.0737,0.4843,-0.0088,0.0504,0.0061
-0.6929,-0.8295,0.3316,0.0051,0.0375,0.0044
-0.4757,-0.5621,0.1502,0.0203,0.0266,0.0022
-0.2615,-0.3165,-0.0685,0.0366,0.0103,-0.0002
-0.0901,0.0398,-0.2647,0.0609,-0.0026,-0.0014
0.0504,0.4024,-0.4619,0.0846,-0.0132,-0.0030
0.2178,0.7252,-0.6092,0.1063,-0.0276,-0.0047
0.3801,1.0253,-0.6041,0.1269,-0.0383,-0.0055
0.5038,1.2631,-0.4980,0.1434,-0.0394,-0.0080
0.6419,1.3837,-0.3859,0.1529,-0.0462,-0.0093
0.7365,1.4331,-0.2753,0.1573,-0.0512,-0.0088
0.7605,1.5053,-0.1526,0.1630,-0.0509,-0.0086
0.7605,1.5732,-0.0270,0.1706,-0.0524,-0.0086
0.7613,1.6361,0.0856,0.1784,-0.0496,-0.0094
0.7822,1.6958,0.1370,0.1854,-0.0497,-0.0109
0.8368,1.8048,0.0887,0.1962,-0.0537,-0.0120
0.9066,1.8931,0.0044,0.2062,-0.0588,-0.0139
0.9724,1.9821,-0.0559,0.2152,-0.0628,-0.0142
0.9675,1.9888,-0.0804,0.2190,-0.0649,-0.0153
0.8870,1.9922,-0.0441,0.2212,-0.0597,-0.0158
0.8551,1.9291,0.0271,0.2213,-0.0561,-0.0169
0.7516,1.9007,0.0403,0.2255,-0.0482,-0.0177
0.6502,1.9024,0.0317,0.2340,-0.0426,-0.0182
0.6142,1.8495,0.0537,0.2396,-0.0403,-0.0179
0.5581,1.8047,0.0340,0.2437,-0.0360,-0.0172
0.4111,1.6428,0.0407,0.2403,-0.0315,-0.0160
0.3321,1.6114,0.0578,0.2373,-0.0304,-0.0144
0.2796,1.5138,0.1071,0.2339,-0.0311,-0.0138
0.2524,1.5792,0.1162,0.2411,-0.0309,-0.0147
0.2403,1.6500,0.1571,0.2523,-0.0320,-0.0161
0.3135,1.6500,0.1760,0.2639,-0.0375,-0.0185
0.3468,1.6453,0.1929,0.2781,-0.0410,-0.0206
0.3323,1.5340,0.2873,0.2866,-0.0431,-0.0217
0.3326,1.5255,0.3833,0.3018,-0.0423,-0.0235
0.3705,1.5125,0.4864,0.3247,-0.0410,-0.0267
0.3534,1.4241,0.5956,0.3364,-0.0336,-0.0297
0.3702,1.3339,0.6495,0.3481,-0.0291,-0.0327
0.3367,1.3576,0.6731,0.3645,-0.0271,-0.0355
0.3250,1.4107,0.6672,0.3825,-0.0247,-0.0386
0.2601,1.5167,0.6507,0.3990,-0.0224,-0.0408
0.2715,1.5060,0.6293,0.4122,-0.0278,-0.0431
0.1769,1.2965,0.6080,0.4197,-0.0309,-0.0441
0.0967,1.3137,0.6888,0.4357,-0.0284,-0.0460
0.0826,1.0856,0.8043,0.4472,-0.0275,-0.0489
0.0135,1.0624,0.9780,0.4640,-0.0214,-0.0533
-0.0647,0.9206,1.1252,0.4718,-0.0139,-0.0572
-0.1258,0.8124,1.1983,0.4831,-0.0106,-0.0641
-0.2198,0.8359,1.1843,0.5060,-0.0096,-0.0701
-0.3769,0.5793,1.2439,0.5153,-0.0014,-0.0745
-0.6007,0.4832,1.3062,0.5336,0.0103,-0.0828
-0.6127,0.3912,1.2351,0.5439,0.0078,-0.0929
-0.4521,0.1783,1.0988,0.5390,-0.0046,-0.0986
-0.3798,0.4483,0.9900,0.5552,-0.0100,-0.1078
-0.1406,0.4731,0.8427,0.5597,-0.0253,-0.1140
-0.0299,0.5073,0.7044,0.5678,-0.0277,-0.1218
-0.1041,0.3753,0.6292,0.5720,-0.0129,-0.1299
-0.1868,0.5085,0.4999,0.5907,0.0054,-0.1406
-0.1924,0.1029,0.4616,0.5714,0.0161,-0.1465
-0.4898,0.1811,0.4994,0.5717,0.0465,-0.1569
-0.5056,0.1143,0.4467,0.5582,0.0530,-0.1623
-0.4773,0.1473,0.3907,0.5342,0.0536,-0.1672
-0.3078,0.3241,0.3284,0.5163,0.0550,-0.1708
-0.1501,0.1186,0.2267,0.4804,0.0500,-0.1711
-0.3425,0.2504,0.0542,0.4569,0.0710,-0.1720
-0.4039,-0.0709,0.1907,0.3775,0.0815,-0.1686
-0.3554,0.1522,0.0266,0.3448,0.0793,-0.1650
-0.1593,0.3657,-0.1062,0.3127,0.0750,-0.1605
0.0041,0.3660,-0.0574,0.2555,0.0682,-0.1548
0.1330,0.5372,-0.0736,0.2108,0.0703,-0.1490
0.2925,0.7554,-0.2475,0.1764,0.0642,-0.1416
0.3960,1.3080,-0.5189,0.1732,0.0607,-0.1397
0.6687,1.4163,-0.7192,0.1627,0.0475,-0.1374
0.7323,1.5661,-0.7537,0.1515,0.0403,-0.1384
0.8394,1.9575,-0.6414,0.1585,0.0350,-0.1437
1.0852,1.8302,-0.5988,0.1408,0.0191,-0.1453
1.1131,1.8296,-0.5048,0.1152,0.0195,-0.1498
0.9912,1.7124,-0.5126,0.0903,0.0244,-0.1513
0.8653,1.4199,-0.3713,0.0630,0.0318,-0.1526
0.6887,1.3361,-0.1906,0.0566,0.0434,-0.1541
0.5498,1.5325,-0.0777,0.0689,0.0488,-0.1568
0.7494,1.6597,0.0118,0.0914,0.0378,-0.1586
0.9342,1.8212,-0.0323,0.1071,0.0239,-0.1637
1.0393,2.0293,-0.0264,0.1250,0.0190,-0.1691
1.2188,1.9570,-0.1003,0.1261,0.0071,-0.1747
1.2443,1.9933,-0.1327,0.1305,-0.0025,-0.1814
1.1630,1.9599,-0.0878,0.1268,0.0008,-0.1862
1.2271,1.9774,-0.1262,0.1308,-0.0098,-0.1903
1.3255,2.1493,-0.1110,0.1392,-0.0216,-0.1953
1.4801,2.3570,-0.1876,0.1391,-0.0380,-0.1970
1.6190,2.2488,-0.2183,0.1154,-0.0523,-0.1959
1.5388,2.1577,-0.2874,0.0951,-0.0560,-0.1991
1.5275,2.1543,-0.1780,0.0905,-0.0558,-0.2036
1.5709,2.3080,-0.1840,0.0846,-0.0556,-0.2071
1.7008,2.2655,-0.2843,0.0816,-0.0587,-0.2120
1.7184,2.3318,-0.3619,0.0903,-0.0611,-0.2176
1.7139,2.4010,-0.2192,0.0925,-0.0648,-0.2246
1.6830,2.4241,-0.0532,0.0969,-0.0627,-0.2315
1.5842,2.2481,-0.0082,0.0852,-0.0616,-0.2354
1.4905,2.0520,0.0177,0.0797,-0.0598,-0.2393
1.4557,2.1032,-0.0199,0.0889,-0.0662,-0.2447
1.5616,2.1361,-0.0334,0.0936,-0.0794,-0.2476
1.6413,2.3757,-0.0992,0.1259,-0.0875,-0.2512
1.7485,2.4734,-0.1885,0.1500,-0.0978,-0.2554
1.7729,2.3950,-0.2224,0.1638,-0.0992,-0.2597
1.6913,2.2921,-0.2864,0.1874,-0.0952,-0.2673
1.5410,2.3286,-0.2967,0.2156,-0.0901,-0.2732
1.4813,2.1509,-0.2216,0.2271,-0.0926,-0.2770
1.4706,2.1313,-0.1352,0.2486,-0.0990,-0.2808
1.4928,2.0630,-0.2208,0.2645,-0.1130,-0.2845
1.4711,2.1042,-0.1881,0.3034,-0.1189,-0.2869
1.2747,1.8121,-0.1174,0.3110,-0.1170,-0.2849
1.0009,1.6896,0.1341,0.3282,-0.1045,-0.2898
1.0222,1.5545,0.2025,0.3382,-0.1105,-0.2916
1.1359,1.5359,0.1787,0.3626,-0.1221,-0.2949
0.9884,1.5311,0.0703,0.3781,-0.1196,-0.2979
0.9937,1.4416,0.0867,0.3910,-0.1206,-0.2964
0.9121,1.6569,0.0775,0.4123,-0.1132,-0.2970
1.0678,1.3152,0.0997,0.4104,-0.1199,-0.2921
0.7982,1.3631,0.0873,0.4317,-0.1026,-0.2905
0.6187,1.2777,0.0755,0.4425,-0.0866,-0.2889
0.5851,1.3665,0.2248,0.4695,-0.0734,-0.2880
0.3931,1.3688,0.2363,0.4780,-0.0555,-0.2870
0.2826,1.2147,0.1703,0.4724,-0.0483,-0.2829
0.2626,1.3282,0.2505,0.4811,-0.0365,-0.2801
0.2288,1.1831,0.2724,0.4664,-0.0306,-0.2780
0.0724,1.2175,0.2206,0.4579,-0.0165,-0.2778
0.1213,1.0127,0.0960,0.4472,-0.0267,-0.2782
0.1351,1.1388,-0.0268,0.4469,-0.0342,-0.2759
0.3223,1.0257,-0.1834,0.4312,-0.0477,-0.2683
0.3691,1.1805,-0.1811,0.4068,-0.0756,-0.2525
0.6181,1.2192,-0.3316,0.3940,-0.0991,-0.2477
0.8525,1.4478,-0.5363,0.4046,-0.1116,-0.2428
1.1404,1.3402,-0.5040,0.4085,-0.1223,-0.2381
1.1609,1.2999,-0.3951,0.3916,-0.1195,-0.2387
1.1695,1.2900,-0.2968,0.3533,-0.1149,-0.2376
1.1253,1.2505,-0.2888,0.3377,-0.1036,-0.2236
1.2539,1.3077,-0.4011,0.3218,-0.1047,-0.2161
1.1294,1.2008,-0.4121,0.2798,-0.0861,-0.2007
1.0705,1.5014,-0.5543,0.2862,-0.0698,-0.1912
1.0985,1.4121,-0.6078,0.2751,-0.0591,-0.1865
0.9830,1.5551,-0.4305,0.2906,-0.0465,-0.1733
0.8564,1.1194,-0.4306,0.2489,-0.0342,-0.1664
0.6308,1.2669,-0.4747,0.2480,-0.0053,-0.1652
0.6307,1.2093,-0.4582,0.2390,-0.0040,-0.1681
0.6663,1.4115,-0.4491,0.2587,-0.0002,-0.1655
0.8507,0.9384,-0.3380,0.2238,-0.0117,-0.1588
0.6707,1.2156,-0.2723,0.2473,0.0102,-0.1597
0.6066,1.1872,-0.1919,0.2504,0.0134,-0.1539
0.6123,1.2571,-0.0997,0.2453,0.0176,-0.1456
0.7678,1.1491,-0.1713,0.2514,0.0130,-0.1394
0.9338,1.3469,-0.3087,0.2654,0.0117,-0.1420
0.9436,1.5864,-0.3228,0.2725,0.0053,-0.1441
1.0451,1.4697,-0.3860,0.2739,0.0016,-0.1509
1.1160,1.5848,-0.4436,0.2807,-0.0065,-0.1611
1.3456,1.4536,-0.3832,0.2733,-0.0231,-0.1699
1.4007,1.5566,-0.3455,0.2646,-0.0277,-0.1816
1.4933,1.6950,-0.3744,0.2659,-0.0272,-0.1856
1.7271,1.8428,-0.6050,0.2656,-0.0312,-0.1937
1.9103,1.6406,-0.5743,0.2561,-0.0347,-0.2012
1.6602,1.6186,-0.3995,0.2494,-0.0154,-0.2105
1.4358,1.6936,-0.2905,0.2570,0.0036,-0.2185
1.5678,1.6123,-0.3569,0.2564,0.0031,-0.2264
1.5876,1.7514,-0.2582,0.2678,0.0110,-0.2380
1.4828,1.6753,-0.1839,0.2600,0.0235,-0.2486
1.3894,1.7212,-0.1264,0.2671,0.0378,-0.2573
1.3849,1.6621,-0.1834,0.2718,0.0478,-0.2622
1.5937,1.8523,-0.3247,0.2748,0.0457,-0.2688
1.9676,1.8489,-0.5400,0.2718,0.0321,-0.2710
1.8139,1.8587,-0.5563,0.2650,0.0445,-0.2728
1.5743,1.4280,-0.3441,0.2304,0.0648,-0.2710
1.3350,1.4369,-0.3149,0.2192,0.0742,-0.2727
1.3144,1.6116,-0.4045,0.2296,0.0902,-0.2704
1.4716,1.8425,-0.4006,0.2445,0.0934,-0.2719
1.3355,1.9078,-0.3581,0.2494,0.1101,-0.2725
0.9918,1.8413,-0.0918,0.2436,0.1437,-0.2656
0.9497,1.9352,-0.0783,0.2438,0.1527,-0.2571
1.2442,1.7645,0.0175,0.2187,0.1451,-0.2476
1.0609,1.8041,-0.0534,0.2111,0.1562,-0.2466
1.1191,1.8300,-0.1262,0.2088,0.1547,-0.2461
1.1957,1.9485,-0.1181,0.2224,0.1439,-0.2384
1.4161,1.8950,-0.2164,0.2434,0.1303,-0.2343
1.4366,1.9675,-0.0740,0.2564,0.1253,-0.2379
1.2653,2.0096,0.0012,0.2687,0.1321,-0.2423
1.2639,1.9313,-0.1415,0.2789,0.1393,-0.2479
1.5557,1.9038,-0.3906,0.2869,0.1183,-0.2514
1.5554,1.6236,-0.4172,0.2865,0.1076,-0.2465
1.3040,1.4851,-0.1167,0.2857,0.1206,-0.2414
1.0946,1.1665,-0.1101,0.2823,0.1190,-0.2310
1.2068,1.0856,-0.1199,0.3121,0.1221,-0.2345
1.1503,1.3672,0.0161,0.3580,0.1187,-0.2330
1.1370,1.1519,0.0112,0.3714,0.1246,-0.2274
1.0969,1.1098,-0.0285,0.3892,0.1389,-0.2311
0.9233,1.0505,-0.0028,0.4044,0.1448,-0.2251
0.9958,1.0058,-0.0424,0.4133,0.1359,-0.2199
1.0970,1.1183,-0.1277,0.4374,0.1289,-0.2172
1.0596,0.8804,-0.1088,0.4199,0.1275,-0.2115
0.9278,1.0144,0.1143,0.4339,0.1399,-0.2101
0.9221,1.1791,0.0866,0.4480,0.1446,-0.2018
0.9823,1.2255,0.0791,0.4560,0.1444,-0.2000
1.1062,1.2433,0.1047,0.4581,0.1351,-0.1992
0.8932,1.1924,0.0774,0.4510,0.1412,-0.1911
0.8389,1.0459,0.2027,0.4486,0.1445,-0.1816
0.7895,0.9777,0.3001,0.4523,0.1415,-0.1726
0.7537,1.0065,0.3368,0.4572,0.1440,-0.1686
0.4757,1.1228,0.2238,0.4594,0.1503,-0.1674
0.5549,1.1409,0.2070,0.4591,0.1514,-0.1679
0.7812,0.9696,0.1992,0.4591,0.1390,-0.1679
0.6883,1.0438,0.2876,0.4631,0.1426,-0.1722
0.7114,0.9067,0.3491,0.4565,0.1412,-0.1730
0.7197,0.8086,0.2094,0.4518,0.1416,-0.1724
0.6657,0.8351,0.1384,0.4459,0.1425,-0.1684
0.6810,0.8114,0.1350,0.4531,0.1427,-0.1641
0.5326,0.7788,-0.0035,0.4530,0.1475,-0.1587
0.5913,0.6050,0.1707,0.4420,0.1474,-0.1537
0.6037,0.7632,0.2110,0.4568,0.1420,-0.1562
0.5702,0.9516,0.1783,0.4728,0.1471,-0.1589
0.6585,0.9056,0.2372,0.4663,0.1477,-0.1622
0.6082,0.7777,0.1953,0.4545,0.1467,-0.1718
0.4163,0.6783,0.1504,0.4411,0.1552,-0.1810
0.2813,0.4799,0.1709,0.4206,0.1573,-0.1875
0.0386,0.3501,0.0702,0.4009,0.1637,-0.1939
0.0150,0.2798,-0.0221,0.3828,0.1678,-0.1973
0.0354,0.2642,-0.1836,0.3736,0.1655,-0.1992
-0.0270,0.2222,-0.1172,0.3707,0.1702,-0.2000
-0.1449,0.2075,0.0028,0.3687,0.1768,-0.2002
-0.0758,0.3371,0.0239,0.3762,0.1724,-0.2028
-0.0141,0.3870,-0.0250,0.3841,0.1666,-0.2038
0.0356,0.3322,-0.1660,0.3827,0.1595,-0.2047
-0.0491,0.2616,-0.1504,0.3810,0.1670,-0.2045
-0.0507,0.1712,-0.2623,0.3773,0.1632,-0.1995
0.0665,0.0807,-0.2174,0.3743,0.1563,-0.1896
0.1208,0.0777,-0.2560,0.3894,0.1504,-0.1772
0.2710,0.0486,-0.3543,0.4087,0.1497,-0.1674
0.4541,0.1540,-0.3905,0.4375,0.1494,-0.1597
0.4508,0.1034,-0.4648,0.4495,0.1551,-0.1542
0.3122,-0.0287,-0.3093,0.4554,0.1695,-0.1492
0.0997,-0.1037,-0.2228,0.4490,0.1826,-0.1443
0.0225,-0.2002,-0.2340,0.4341,0.1890,-0.1400
-0.0137,-0.3253,-0.3397,0.4136,0.1847,-0.1383
-0.0577,-0.5724,-0.3872,0.3901,0.1770,-0.1353
-0.1861,-0.7511,-0.2932,0.3755,0.1799,-0.1332
-0.2499,-0.8302,-0.2334,0.3621,0.1766,-0.1320
-0.2041,-0.9281,-0.3046,0.3482,0.1688,-0.1293
-0.1886,-0.9556,-0.4372,0.3298,0.1660,-0.1274
-0.1409,-1.0314,-0.6234,0.3078,0.1695,-0.1233
-0.1078,-1.1049,-0.8166,0.2846,0.1700,-0.1206
-0.1193,-1.2086,-0.9401,0.2657,0.1716,-0.1163
-0.1882,-1.2668,-1.0760,0.2579,0.1807,-0.1145
-0.2339,-1.3778,-1.1928,0.2589,0.1880,-0.1140
-0.2074,-1.4832,-1.1848,0.2544,0.1859,-0.1107
-0.1460,-1.6147,-1.2321,0.2497,0.1777,-0.1020
-0.1323,-1.6176,-1.2210,0.2543,0.1772,-0.0904
-0.1461,-1.6812,-1.2316,0.2570,0.1746,-0.0779
-0.0919,-1.7466,-1.2806,0.2611,0.1664,-0.0666
-0.0401,-1.8795,-1.2999,0.2663,0.1528,-0.0533
-0.1959,-2.0414,-1.2372,0.2731,0.1530,-0.0397
-0.4548,-2.2251,-1.1074,0.2768,0.1600,-0.0262
-0.7572,-2.4868,-1.0242,0.2771,0.1706,-0.0177
-0.9627,-2.6530,-0.9505,0.2799,0.1772,-0.0131
-1.0041,-2.8876,-0.9348,0.2627,0.1745,-0.0092
-0.8965,-3.1612,-1.2332,0.2562,0.1498,-0.0018
-0.7686,-3.1710,-1.3650,0.2754,0.1120,0.0046
-0.7123,-3.7186,-1.2987,0.2584,0.0749,0.0284
-1.3209,-3.6968,-0.8465,0.2846,0.1027,0.0455
-1.4024,-3.9996,-0.8207,0.2900,0.1307,0.0616
-1.6982,-4.1120,-0.7146,0.2768,0.1677,0.0740
-1.7069,-4.3732,-0.9007,0.2563,0.1742,0.0828
-1.5092,-4.4456,-1.2217,0.2679,0.1500,0.0968
-1.3304,-4.4757,-1.2387,0.2932,0.1168,0.1135
-1.3584,-4.5991,-1.0733,0.2977,0.0961,0.1352
-1.4312,-4.4639,-1.0186,0.3172,0.0980,0.1498
-1.2666,-4.4386,-1.1493,0.3204,0.0822,0.1610
-1.2281,-4.4476,-1.0582,0.3066,0.0856,0.1674
-1.4152,-4.4600,-1.0449,0.2946,0.1102,0.1675
-1.2854,-4.4875,-1.2676,0.2944,0.1026,0.1670
-1.1839,-4.5958,-1.0478,0.3034,0.0886,0.1723
-1.2105,-4.8052,-0.9172,0.2980,0.0793,0.1886
-1.1289,-4.9004,-0.9318,0.2909,0.0605,0.2192
-1.4439,-4.9631,-0.7582,0.2701,0.0945,0.2521
-1.5724,-4.8050,-0.6391,0.2558,0.1187,0.2783
-1.4834,-4.5640,-0.7170,0.2360,0.1312,0.2944
-1.5739,-4.4259,-0.7144,0.1979,0.1714,0.3029
-1.4025,-4.3876,-0.8975,0.1665,0.1826,0.3055
-1.3720,-4.4847,-1.0205,0.1370,0.1791,0.3138
-1.1952,-4.2331,-1.2224,0.1359,0.1504,0.3254
-1.0461,-4.2239,-1.0883,0.1192,0.1323,0.3463
-1.0651,-3.9783,-1.0571,0.1062,0.1328,0.3619
-1.1207,-4.0853,-0.9722,0.0469,0.1429,0.3719
-1.2977,-3.6691,-0.7829,0.0146,0.1766,0.3841
-1.2746,-3.6420,-1.0934,-0.0452,0.1800,0.3918
-1.1831,-3.3015,-1.1753,-0.0888,0.1880,0.3908
-0.7484,-3.4016,-1.3116,-0.1395,0.1528,0.3995
-0.7770,-3.4879,-1.5186,-0.1783,0.1540,0.4115
-0.8113,-3.4091,-1.2852,-0.1847,0.1532,0.4289
-0.7957,-3.5858,-1.0340,-0.2078,0.1421,0.4425
-0.6184,-3.5761,-0.8035,-0.2304,0.1385,0.4468
-0.9806,-3.2505,-0.8083,-0.2441,0.1952,0.4410
-0.8236,-3.0188,-1.0177,-0.2733,0.2119,0.4271
-0.5985,-2.9496,-1.2138,-0.2998,0.2121,0.4024
-0.3607,-3.1568,-1.2577,-0.3253,0.1998,0.3967
-0.4468,-3.3023,-1.1324,-0.3306,0.1990,0.3964
-0.5223,-3.4155,-0.7836,-0.3198,0.2097,0.4027
-0.4916,-3.5204,-0.5610,-0.3061,0.1926,0.4071
-0.5818,-3.2732,-0.6429,-0.2813,0.2188,0.4052
-0.3613,-2.9207,-0.7533,-0.2522,0.2218,0.3931
-0.0577,-2.9823,-0.8919,-0.2572,0.2275,0.3686
-0.2141,-3.0624,-0.7178,-0.2827,0.2641,0.3296
-0.3285,-3.0446,-0.5174,-0.3191,0.2524,0.2948
-0.0442,-2.9927,-0.6133,-0.3069,0.2282,0.2679
0.0431,-3.0918,-0.4810,-0.3058,0.2130,0.2551
-0.2777,-3.0951,-0.5483,-0.2876,0.2254,0.2500
-0.0460,-2.9671,-0.7012,-0.2562,0.1850,0.2450
-0.0373,-2.7927,-0.5898,-0.2195,0.1752,0.2406
-0.0133,-2.6323,-0.5054,-0.1792,0.1902,0.2204
0.1179,-2.7967,-0.6026,-0.1831,0.1914,0.2083
-0.1177,-2.6929,-0.1896,-0.1978,0.2069,0.1882
-0.0216,-2.5923,-0.5746,-0.1748,0.2050,0.1818
-0.2043,-2.8321,-0.3303,-0.2108,0.2131,0.1915
-0.2726,-2.8361,-0.2434,-0.2155,0.2203,0.1980
-0.1694,-2.7373,-0.7256,-0.2098,0.2290,0.2007
-0.3499,-2.8360,-0.4525,-0.2248,0.2523,0.2110
-0.4683,-2.3612,-0.4696,-0.1984,0.2551,0.2207
-0.5875,-2.7336,-0.2849,-0.2127,0.2731,0.2358
-0.8626,-2.7567,-0.1543,-0.2220,0.2943,0.2326
-0.6507,-2.7610,-0.1984,-0.2267,0.2796,0.2353
-0.5382,-2.6364,-0.3307,-0.2036,0.2585,0.2373
-0.5607,-2.8384,-0.2036,-0.2153,0.2592,0.2497
-0.3964,-2.5749,-0.1930,-0.2000,0.2377,0.2624
-0.3999,-2.6185,-0.2527,-0.1964,0.2364,0.2838
-0.6896,-2.6401,-0.2171,-0.1902,0.2512,0.3004
-0.9425,-2.7976,-0.1177,-0.1976,0.2564,0.3205
-0.8238,-2.5988,-0.2956,-0.1655,0.2299,0.3365
-0.7887,-2.6523,-0.2572,-0.1491,0.2185,0.3535
-1.0676,-3.1221,-0.0515,-0.1835,0.2208,0.3663
-1.3100,-3.1718,-0.0090,-0.1749,0.2298,0.3711
-1.2551,-2.9357,-0.0446,-0.1606,0.2131,0.3776
-1.2173,-2.8634,-0.1590,-0.1735,0.2024,0.3840
-1.0417,-3.3290,-0.2878,-0.2330,0.1863,0.3945
-1.0536,-3.1118,-0.4206,-0.2375,0.1826,0.4018
-0.8632,-2.8573,-0.6582,-0.2135,0.1562,0.4109
-0.6651,-2.9445,-0.5290,-0.2028,0.1257,0.4153
-0.8949,-3.3788,-0.1900,-0.2294,0.1235,0.4161
-1.2962,-3.0855,-0.2904,-0.2118,0.1305,0.4178
-1.0140,-2.9601,-0.6540,-0.1932,0.1098,0.4184
-1.0517,-3.2418,-0.4883,-0.2044,0.1075,0.4228
-1.3078,-3.4600,-0.3991,-0.2231,0.1249,0.4187
-1.1381,-3.1370,-0.7090,-0.2033,0.1106,0.4172
-0.9034,-3.0029,-0.7103,-0.1889,0.0881,0.4219
-1.1948,-3.4188,-0.4737,-0.2155,0.1095,0.4189
-1.3224,-3.3767,-0.5271,-0.2370,0.1160,0.4170
-1.0516,-3.0031,-0.6964,-0.2056,0.1054,0.4070
-0.9171,-2.9940,-0.7338,-0.2292,0.1045,0.3921
-0.8921,-3.1655,-0.8355,-0.2622,0.1106,0.3838
-0.9893,-2.8712,-0.9868,-0.2547,0.1202,0.3692
-0.6977,-2.8910,-1.0171,-0.2447,0.1043,0.3623
-0.7712,-2.7437,-0.7259,-0.2159,0.1219,0.3452
-0.7875,-2.8449,-0.6865,-0.2490,0.1154,0.3326
-0.8689,-2.7214,-0.7529,-0.2560,0.1300,0.3161
-0.5875,-2.6534,-1.0070,-0.2487,0.1307,0.3126
-0.7875,-2.7719,-0.8895,-0.2602,0.1548,0.3035
-0.9606,-2.5010,-0.8422,-0.2629,0.1740,0.2851
-0.7286,-2.3212,-0.9512,-0.2394,0.1625,0.2759
-0.9087,-2.6350,-0.8488,-0.2703,0.1722,0.2748
-1.1207,-2.9053,-0.6673,-0.2884,0.1790,0.2717
-1.1921,-2.6028,-0.5595,-0.2683,0.1925,0.2695
-1.0207,-2.1480,-0.7254,-0.2390,0.1948,0.2687
-1.0043,-2.4086,-0.7861,-0.2715,0.2045,0.2796
-1.1700,-2.4415,-0.7221,-0.2640,0.2269,0.2785
-1.0405,-2.4908,-0.7762,-0.2547,0.2277,0.2765
-1.1131,-2.3225,-0.7560,-0.2511,0.2328,0.2792
-1.0435,-2.3093,-0.8584,-0.2487,0.2220,0.2914
-1.0155,-2.6354,-0.8742,-0.2679,0.2107,0.3042
-1.1319,-2.4852,-0.8572,-0.2284,0.2079,0.3146
-1.1103,-2.4682,-0.8640,-0.2019,0.1825,0.3322
-1.1292,-2.4056,-0.7782,-0.1810,0.1678,0.3422
-1.0973,-2.5834,-0.7168,-0.1797,0.1559,0.3462
-1.3344,-2.3198,-0.7123,-0.1627,0.1714,0.3448
-1.0109,-2.2232,-0.9293,-0.1554,0.1384,0.3449
-1.1717,-2.5434,-0.7998,-0.1696,0.1478,0.3493
-0.9632,-2.6378,-0.8457,-0.1642,0.1201,0.3543
-1.1399,-2.5685,-0.7469,-0.1527,0.1175,0.3537
-0.9403,-2.3386,-0.8851,-0.1295,0.0811,0.3528
-1.0975,-2.6186,-0.8262,-0.1471,0.0729,0.3499
-1.1864,-2.3970,-0.8535,-0.1218,0.0740,0.3444
-1.0956,-2.5792,-0.8977,-0.1229,0.0535,0.3432
-1.4381,-2.5495,-0.7975,-0.1229,0.0666,0.3339
-1.3162,-2.5657,-1.0649,-0.1265,0.0447,0.3283
-1.3968,-2.6775,-0.9957,-0.1521,0.0355,0.3222
-1.5539,-2.7861,-0.9382,-0.1631,0.0413,0.3214
-1.5297,-2.5112,-1.0976,-0.1564,0.0319,0.3270
-1.5910,-2.5791,-1.2343,-0.1657,0.0351,0.3359
-1.7642,-2.8906,-1.2254,-0.2031,0.0547,0.3460
-1.9862,-2.9635,-1.2752,-0.2285,0.0778,0.3507
-1.8304,-2.7405,-1.4530,-0.2168,0.0672,0.3549
-1.7694,-2.6777,-1.4318,-0.1955,0.0670,0.3589
-1.8288,-2.6504,-1.3887,-0.1898,0.0730,0.3550
-1.6356,-2.5967,-1.5585,-0.1938,0.0689,0.3556
-1.4349,-2.5471,-1.6620,-0.1927,0.0663,0.3574
-1.6152,-2.6379,-1.5326,-0.2108,0.0906,0.3634
-1.4738,-2.5889,-1.6262,-0.2153,0.0891,0.3684
-1.2342,-2.3239,-1.7361,-0.1989,0.0692,0.3694
-1.0619,-1.9624,-1.8020,-0.1713,0.0666,0.3663
-1.1997,-2.1740,-1.8083,-0.1904,0.0692,0.3632
-1.5233,-2.5069,-1.6620,-0.2236,0.0984,0.3577
-1.2191,-2.3696,-1.7437,-0.2233,0.0764,0.3552
-1.0445,-2.1349,-1.8537,-0.2179,0.0631,0.3558
-1.1089,-2.0930,-1.9337,-0.2255,0.0595,0.3549
-1.1363,-2.3528,-1.9302,-0.2476,0.0528,0.3578
-1.1203,-2.3420,-1.8062,-0.2525,0.0530,0.3555
-1.0933,-2.0264,-1.8985,-0.2407,0.0529,0.3518
-1.0498,-2.0549,-1.9799,-0.2639,0.0483,0.3517
-0.9592,-1.9141,-2.1006,-0.2805,0.0358,0.3439
-0.9457,-2.0593,-2.1447,-0.3138,0.0321,0.3406
-1.0241,-2.1612,-2.1027,-0.3367,0.0246,0.3370
-0.9002,-1.9742,-2.1179,-0.3259,-0.0016,0.3330
-0.8333,-1.8232,-2.2443,-0.3038,-0.0242,0.3370
-1.1156,-2.1907,-2.1083,-0.3106,-0.0243,0.3528
-1.3709,-2.5333,-1.8611,-0.3387,-0.0187,0.3693
-1.1981,-2.2402,-1.9018,-0.3244,-0.0299,0.3780
-0.9625,-1.9944,-2.1514,-0.3083,-0.0490,0.3872
-1.1831,-2.1929,-2.0462,-0.3226,-0.0347,0.3934
-1.2580,-2.2030,-1.9802,-0.3210,-0.0302,0.3948
-1.2277,-2.1231,-2.0645,-0.3042,-0.0424,0.3945
-1.2480,-2.2986,-1.9790,-0.2950,-0.0501,0.3915
-1.1820,-2.1077,-1.8510,-0.2727,-0.0607,0.3881
-0.7061,-2.1656,-2.0347,-0.2652,-0.0988,0.3877
-0.5743,-2.0307,-2.0724,-0.2429,-0.1076,0.3882
-0.5433,-1.8602,-1.9070,-0.2169,-0.1125,0.3871
-0.5040,-2.0084,-1.8119,-0.2231,-0.1175,0.3837
-0.4070,-1.9234,-1.8215,-0.2013,-0.1271,0.3771
-0.2509,-1.9985,-1.8116,-0.1974,-0.1378,0.3741
-0.2893,-1.8499,-1.7012,-0.1737,-0.1353,0.3636
-0.0166,-1.4618,-1.7963,-0.1323,-0.1509,0.3532
0.3156,-1.1448,-1.8144,-0.0936,-0.1719,0.3461
0.3622,-1.1695,-1.6998,-0.0945,-0.1717,0.3409
0.1170,-1.4183,-1.4789,-0.1246,-0.1405,0.3313
-0.1049,-1.4855,-1.4259,-0.1583,-0.1042,0.3081
-0.1115,-1.3807,-1.5028,-0.1770,-0.0833,0.2809
-0.0630,-1.4275,-1.6813,-0.1992,-0.0717,0.2552
-0.2087,-1.5356,-1.6691,-0.2199,-0.0512,0.2376
-0.3022,-1.4185,-1.7527,-0.2250,-0.0333,0.2222
-0.0093,-1.2128,-2.0061,-0.1940,-0.0534,0.2168
0.1407,-1.1273,-1.9452,-0.1686,-0.0712,0.2197
0.2104,-1.0159,-1.7870,-0.1484,-0.0800,0.2247
0.2641,-0.9754,-1.7275,-0.1325,-0.0869,0.2292
0.2904,-0.9293,-1.7612,-0.1196,-0.0905,0.2309
0.1976,-0.8219,-1.7040,-0.1040,-0.0844,0.2296
0.0709,-0.7961,-1.5865,-0.0970,-0.0721,0.2247
-0.0855,-0.7938,-1.3957,-0.1031,-0.0563,0.2128
-0.2684,-1.0343,-1.3649,-0.1372,-0.0350,0.1966
-0.5235,-1.1916,-1.3279,-0.1676,-0.0050,0.1801
-0.6902,-1.3344,-1.3221,-0.1921,0.0122,0.1658
-0.6436,-1.2664,-1.2555,-0.1949,0.0113,0.1524
-0.5963,-1.1329,-1.2017,-0.1976,0.0145,0.1381
-0.5641,-1.0925,-1.1438,-0.2017,0.0197,0.1228
-0.5304,-1.0230,-1.1762,-0.2006,0.0178,0.1079
-0.4394,-0.9729,-1.1818,-0.1958,0.0117,0.0958
-0.3131,-1.0745,-0.9809,-0.2028,0.0069,0.0873
-0.1014,-0.9429,-0.9588,-0.2056,-0.0015,0.0800
-0.0646,-0.8991,-0.9585,-0.2034,-0.0001,0.0741
-0.1387,-1.0018,-0.9741,-0.2060,0.0139,0.0699
-0.3608,-1.1018,-0.9170,-0.2091,0.0346,0.0666
-0.4512,-0.9927,-0.8086,-0.2076,0.0491,0.0639
-0.5055,-0.8323,-0.8029,-0.2000,0.0607,0.0591
-0.5282,-0.7987,-0.8387,-0.1963,0.0657,0.0504
-0.5376,-0.7464,-0.9705,-0.1872,0.0672,0.0443
-0.5894,-0.6977,-0.9798,-0.1773,0.0713,0.0380
-0.6253,-0.7536,-0.9318,-0.1696,0.0720,0.0324
-0.6296,-0.7610,-0.9188,-0.1625,0.0683,0.0269
-0.6382,-0.7804,-0.9366,-0.1519,0.0608,0.0232
-0.6429,-0.8166,-0.8712,-0.1438,0.0567,0.0201
-0.6510,-0.8795,-0.8096,-0.1383,0.0535,0.0164
-0.6585,-0.9588,-0.7322,-0.1314,0.0492,0.0140
-0.6865,-1.0485,-0.6941,-0.1246,0.0483,0.0118
-0.6824,-1.0361,-0.6229,-0.1164,0.0472,0.0108
-0.7375,-1.0329,-0.6247,-0.1063,0.0515,0.0098
-0.7038,-1.0682,-0.7412,-0.0993,0.0465,0.0108
-0.7749,-1.0008,-0.6995,-0.0812,0.0524,0.0135
-0.8744,-0.9239,-0.7029,-0.0646,0.0631,0.0130
-0.8366,-1.0052,-0.6309,-0.0605,0.0589,0.0136
-0.7198,-0.9468,-0.5108,-0.0484,0.0508,0.0130
-0.6916,-0.9732,-0.4796,-0.0398,0.0481,0.0115
-0.6619,-0.9026,-0.2799,-0.0317,0.0480,0.0108
-0.6479,-0.8608,-0.4230,-0.0229,0.0464,0.0094
-0.6186,-0.8904,-0.5575,-0.0193,0.0424,0.0089
-0.5948,-0.9111,-0.6009,-0.0160,0.0367,0.0079
-0.4945,-0.9036,-0.5715,-0.0137,0.0287,0.0068
-0.4414,-0.8767,-0.4649,-0.0101,0.0237,0.0051
-0.4021,-0.8713,-0.4304,-0.0079,0.0179,0.0038
-0.3115,-0.8680,-0.3611,-0.0072,0.0068,0.0019
-0.2507,-0.9451,-0.3122,-0.0117,0.0034,-0.0004
-0.2916,-0.9286,-0.3824,-0.0098,0.0036,-0.0001
-0.3260,-0.9553,-0.3944,-0.0113,0.0037,0.0011
-0.4629,-1.0997,-0.3790,-0.0185,0.0091,0.0051
-0.4769,-1.1399,-0.3864,-0.0184,0.0087,0.0047
-0.4693,-1.1206,-0.3658,-0.0184,0.0094,0.0052
-0.4532,-1.1615,-0.3781,-0.0212,0.0082,0.0046
-0.4546,-1.2438,-0.3563,-0.0234,0.0080,0.0047
-0.4201,-1.2607,-0.3482,-0.0250,0.0068,0.0046
-0.4253,-1.2741,-0.3383,-0.0252,0.0063,0.0041
-0.4216,-1.2866,-0.3550,-0.0252,0.0059,0.0043
-0.4230,-1.2927,-0.3727,-0.0256,0.0063,0.0046
-0.4307,-1.2673,-0.3445,-0.0246,0.0063,0.0045
-0.4397,-1.2394,-0.3611,-0.0232,0.0083,0.0047
-0.4804,-1.1567,-0.3857,-0.0189,0.0105,0.0053
-0.5092,-1.1028,-0.4028,-0.0158,0.0118,0.0046
-0.5392,-1.0771,-0.3822,-0.0150,0.0127,0.0049
-0.5208,-1.1038,-0.4002,-0.0155,0.0117,0.0052
-0.5138,-1.1066,-0.3831,-0.0166,0.0123,0.0049
-0.4937,-1.1321,-0.3751,-0.0179,0.0109,0.0049
-0.4691,-1.1980,-0.3757,-0.0209,0.0089,0.0049
-0.4463,-1.2485,-0.3525,-0.0244,0.0079,0.0043
-0.4231,-1.2826,-0.3504,-0.0255,0.0065,0.0040
-0.4111,-1.2662,-0.3554,-0.0251,0.0063,0.0043
-0.4332,-1.2916,-0.3438,-0.0257,0.0068,0.0042
-0.4224,-1.2719,-0.3396,-0.0261,0.0066,0.0039
-0.4123,-1.2785,-0.3475,-0.0256,0.0069,0.0043
-0.4106,-1.2826,-0.3626,-0.0252,0.0060,0.0039
-0.4108,-1.2778,-0.3756,-0.0261,0.0064,0.0040
-0.4070,-1.2694,-0.3501,-0.0248,0.0066,0.0049
-0.4347,-1.2851,-0.3390,-0.0249,0.0063,0.0040
-0.4338,-1.2805,-0.3580,-0.0257,0.0066,0.0039
-0.4006,-1.2746,-0.3457,-0.0252,0.0066,0.0042
-0.4172,-1.2630,-0.3478,-0.0253,0.0061,0.0041
-0.4047,-1.2872,-0.3509,-0.0248,0.0060,0.0038
-0.4112,-1.2983,-0.3517,-0.0262,0.0063,0.0040
-0.4092,-1.2974,-0.3427,-0.0259,0.0061,0.0038
-0.4072,-1.2939,-0.3456,-0.0262,0.0063,0.0044
-0.4125,-1.2863,-0.3489,-0.0248,0.0067,0.0035
-0.4194,-1.2855,-0.3292,-0.0259,0.0063,0.0038
-0.4347,-1.2929,-0.3468,-0.0258,0.0069,0.0039
-0.4036,-1.2882,-0.3565,-0.0250,0.0054,0.0041
-0.4260,-1.3008,-0.3712,-0.0258,0.0069,0.0040
-0.3845,-1.2799,-0.3685,-0.0257,0.0053,0.0038
-0.4211,-1.2932,-0.3513,-0.0250,0.0070,0.0039
