0.4866806078839081,0.014853857518678673
0.48670110122099314,0.013828356369383722
0.48670666058024004,0.012790420137580562
0.48674790078196795,0.011758512128945969
0.48680730619935747,0.010729335327682383
0.4868729428135325,0.00966106503908017
0.4869281635926731,0.008649748832530816
0.48698306285322235,0.007556494808969712
0.48703746358317945,0.006457774049284522
0.4871027851375831,0.005388391779092915
0.4871907170117563,0.004283569019773766
0.4872917425997818,0.003247520157970339
0.48741425100724967,0.0021776266860921993
0.48755207885690743,0.0011010281672233432
0.4877212109689471,1.162461857810894e-05
0.48791603951104995,-0.0010919219548429849
0.48813761837180353,-0.002195190813452169
0.48837077113569555,-0.0032993424609827327
0.48863181925053084,-0.004392191253621379
0.48892940216658876,-0.0054796754566739094
0.489263054527678,-0.006569452635280345
0.48963243057556116,-0.007650247947705326
0.49005174322308,-0.00873107319776827
0.4905133936230328,-0.00978993557196048
0.4910185249463059,-0.010816056535413182
0.4915650751316581,-0.011830145220174754
0.49221500796640305,-0.012929449549711812
0.49293628306623116,-0.014003549163715724
0.49373880864287334,-0.015015636208244055
0.4946907546110744,-0.016066515091727487
0.49570162781078564,-0.017072204680878944
0.49677956068480633,-0.018008668756557506
0.49783528467255606,-0.01876859798457498
0.49883815207969506,-0.019366592535539597
0.4998929327954595,-0.019904750432407806
0.5008931571103753,-0.020360560217163926
0.5019470648577341,-0.020789671617759752
0.5030194513353974,-0.02114951683004639
0.5040930488514509,-0.021448788857720745
0.5051958182753791,-0.021706471316634775
0.5062040248446766,-0.02189807536102375
0.5072471864985116,-0.02203809475543365
0.5083124719485183,-0.022141570339995878
0.5094185325544919,-0.0222398134729962
0.5105467596521263,-0.022321164925527232
0.511674243261756,-0.02233948893982796
0.5128040291695772,-0.022280777962171358
0.5139412017330756,-0.022168729736288747
0.5150806555430064,-0.022018448478058148
0.5162334696410685,-0.021833387330913213
0.5172383776212917,-0.021666401767056875
0.5182384374541595,-0.021489666925462402
0.5193918670381865,-0.021224206592721378
0.5205313813509418,-0.020882327291786854
0.5216511238369201,-0.020469847656854546
0.5227397866212082,-0.019992933967334016
0.5238145242982154,-0.019502551762500618
0.5248950513919651,-0.019001387052019144
0.5259493015825926,-0.018452218709435083
0.526962310057935,-0.017838301194067194
0.5280579955303325,-0.01702459157689262
0.5290780167036597,-0.01615283160290943
0.5301336145674054,-0.015129666091151163
0.5310849299636797,-0.014052531047904248
0.5318620652354407,-0.013034393155323374
0.532556667467626,-0.01198515052038124
0.533160326378052,-0.010854457738873866
0.533599862797983,-0.009812317679570566
0.5339553677513285,-0.008759505906356078
0.5342340112381389,-0.007692322671454904
0.5344353355166418,-0.006596714949588263
0.5345420377208819,-0.005442678778579445
0.5345640654535118,-0.004419328526710784
0.5345349024584306,-0.0034085643239799446
0.5344565907207083,-0.002384854535422209
0.5343376996453549,-0.0013408333822308067
0.5341685034723032,-0.0002917360474683796
0.533939719066801,0.0007544324125459477
0.5336586899634879,0.0017977496370713342
0.5333280311437815,0.002823629176949679
0.5329444211301855,0.0038461067057855678
0.5325144514188989,0.0048689937519141475
0.5320439129770099,0.005902949868544078
0.5315255306888149,0.0069269267676190715
0.530872797417997,0.008083566184954205
0.5301618549505372,0.00919657275647286
0.5294085129406046,0.01024906924442885
0.528609545060553,0.011250631958759135
0.5276720916702867,0.012314657227968139
0.5266785276318672,0.01333511292849774
0.5256164165762611,0.01430271408180695
0.524487494719571,0.0152003370804571
0.5234641345527756,0.015905287369738452
0.5224206521927984,0.016559249175968144
0.5213436166520085,0.01715401465595799
0.5202678188242866,0.017661085336966555
0.5192013887642273,0.018073336438784015
0.5181167285919137,0.018434322502528095
0.5170031294159896,0.018761522498578983
0.5158778446682762,0.01902657999570835
0.5147453011632682,0.019208713729256515
0.5136175406847331,0.01930189518845666
0.5125194928018357,0.019290712424176844
0.5114595443766213,0.019200033481992528
0.5104225631497102,0.019055783376331764
0.5093734364149661,0.018878548544572903
0.508339760712966,0.018610914508279182
0.5073206153623204,0.018282993414142128
0.5061901157092749,0.01781286401256675
0.5051323931229587,0.01722429357508742
0.5040404837026146,0.016459799481374222
0.5030048768766616,0.015633307550735862
0.5019252245903257,0.01462441989957051
0.500963824839213,0.013533329494274412
0.5001895480109413,0.012477123686654625
0.49950316103844394,0.011380912183787171
0.49897582803498636,0.010336826367034696
0.49855843824090307,0.009257917380185634
0.4982362810553364,0.00817952136436817
0.4979879103256651,0.007110967989420696
0.49783216706607136,0.006049488099013103
0.497762394039743,0.0049877887043248
0.49775698385041983,0.003931518240236418
0.4978090769498318,0.0028772962843790027
0.49792257635464804,0.0018319597198271493
0.49810108137058295,0.000804660813289337
0.49837623436870443,-0.0002930790531694732
0.4987276918324053,-0.0013344068511046655
0.49919792758277737,-0.0024234041798300234
0.4998130090667373,-0.0035177439649377398
0.5005885763281165,-0.00457634125802029
0.5015924013179192,-0.005616942209001769
0.5026011362272635,-0.006362645672713676
0.5036616001164006,-0.006884816983678247
0.5046758446458135,-0.0071037531436711696
0.5057155631765916,-0.007157102119316644
0.5067734231569884,-0.007015675981486607
0.5077792232499512,-0.00667438185778648
0.5088082110162162,-0.006143458110222458
0.5098804270313426,-0.005336490758371045
0.5109059351477091,-0.004338145845207217
0.5117297826670362,-0.0033081990419849498
0.5124560923748367,-0.0022731942104416967
0.5131319866862347,-0.0011519147694906186
0.5137051984596357,-9.442827758808203e-05
0.5142547909772472,0.0010281787565330767
0.5146945772705827,0.0020741957659066116
0.5150961689255628,0.0031661315454566677
0.5154629901433315,0.004281021152809071
0.5157432904531616,0.005287553946116084
0.5160014273482117,0.006317057820029729
0.51623330129474,0.007388592489471797
0.5164539404108086,0.00847236928843869
0.5166433058680754,0.009607450697449893
0.5167985901047296,0.010760675775516058
0.5169279441610461,0.011949458302549513
0.517020445964024,0.012966613740563118
0.5170889201121427,0.013990822450778156
0.5171382779380621,0.015042214311194653
0.5171744546605587,0.016116938419860706
0.5171959241075366,0.017202453100481917
0.517201290118652,0.01828289840361371
0.5171939625280138,0.019365343702068962
0.5171734934490428,0.020455953014776356
0.517143307098289,0.021555421116314137
0.5171053677480193,0.022657153577219487
0.5170626073687323,0.02376698208717118
0.5170143492446884,0.024867140809107586
0.5169605170103112,0.025968274138188932
0.5168969149053093,0.02708175389281102
0.5168279450672068,0.028191224570158782
0.5167558622220584,0.02930256429846195
0.5166835929033642,0.030397188642418017
0.5166139943756328,0.03148245382156189
0.5165398883667968,0.03255700374812266
0.5164606159737994,0.03362231639927821
0.5163768410860263,0.03467824481978278
0.5162983922450327,0.03572979854427217
0.5162187079657531,0.036796635767439384
0.5161382300400711,0.03787025012968378
0.5160614883735148,0.03893083963052618
0.5159892650920734,0.03997435670048995
0.5159194264896121,0.04099664396026909
0.5158513978181165,0.04199737528376733
0.5157658579786408,0.04315437441790123
0.5156789428634593,0.04426582018843456
0.515592817540241,0.04534842794489826
0.5155098248902249,0.0464037323841214
0.5154355182376026,0.04742127008816076
0.5153621581484817,0.04854749018560656
0.515294614461994,0.04959626933027763
0.5152220572034362,0.050691601510700283
0.5151524932197993,0.05177604208647246
0.5150952530704459,0.052811787026821023
0.5150511913508405,0.053870261593849174
0.5150350849501154,0.054891974623252474
0.5153495390932809,0.05384880057179533
0.5154962147198371,0.05282713056121411
0.5156339945698374,0.051790951283119196
0.5157753146761429,0.05072681866443068
0.5159061604636733,0.049687709359958095
0.5160392099141671,0.04856384264959577
0.5161626968109654,0.04750530392717767
0.5162886597524872,0.046369598798197166
0.5163976492111886,0.04535344365928285
0.5165063185198752,0.044285578947103055
0.5166079337381869,0.0431672662238229
0.5167101452548158,0.04201257615826487
0.5168132098071627,0.040819612818430974
0.5168964182755069,0.039801815587808806
0.5169750097958786,0.038754464881767224
0.5170506578566464,0.037686452319517415
0.5171216203611411,0.03659139607336459
0.5171886287544312,0.035478836750855364
0.5172533092015679,0.03435387180894779
0.5173140654144278,0.0332073401370031
0.51737506735872,0.032043592747830675
0.5174325817303143,0.03088083594056075
0.5174891339216333,0.029715346947450698
0.5175422491526189,0.028540573213341247
0.5175916426870444,0.027367518903456962
0.5176377049358325,0.026190352197944293
0.5176793010585217,0.02500754090591786
0.5177193605891879,0.023820946693241675
0.5177578066193022,0.022635289250938072
0.5177935222412441,0.02144701505493761
0.5178306068576796,0.020261912668394957
0.5178660754931201,0.01907205290948969
0.5178995424668047,0.01787861168252891
0.5179301492706435,0.016664855585880014
0.517959651456139,0.015449417117679555
0.5179864268179686,0.014210984190628643
0.5180042045341116,0.013198757318901546
0.5180288559391742,0.011967108558909721
0.5180523952197049,0.010745851115335929
0.5180781254894337,0.009561213924417469
0.5181090375634899,0.008390331787862984
0.5181420186112043,0.007246830504512709
0.5181747295402765,0.006110176614304079
0.5182094916920724,0.004966997644736528
0.5182412630411378,0.003829805036623048
0.5182732953305169,0.0026907171984653397
0.5183088161727418,0.0015559201515939554
0.5183418035837819,0.0004500103238272139
0.5183791849669521,-0.0006361977700190979
0.5184190636677649,-0.0017315228388480716
0.5184610552829824,-0.0028027793503549283
0.5185017317270366,-0.0038596685887073495
0.5185409584396903,-0.004910272848192
0.5185748313500638,-0.005936365667471764
0.5186134163723979,-0.006948825616826678
0.5186526804038464,-0.007953109005812175
0.5186991296256509,-0.00911259973861225
0.5187436305743485,-0.010223047415409156
0.5187823800692435,-0.011290672340893468
0.5188247267367582,-0.012324149933618795
0.5188707397105267,-0.013476445074073926
0.5189068473937647,-0.01459965794367022
0.5189367244363384,-0.015679631809986005
0.5189550076305953,-0.016701207013761363
0.5189667530004052,-0.017794415699451532
0.5189585897867041,-0.018797877067433348
0.5189350832737744,-0.019834380395492318
0.5188843576119958,-0.02084952407463205
0.5188084006247949,-0.021881787199041308
0.5187086474543695,-0.0228895099063372
0.5187161055752962,-0.021844038949101304
0.5187910593935172,-0.02082849004592895
0.5188786471255196,-0.019751468126292207
0.5189737904454053,-0.01873903803738448
0.5190740788232817,-0.01770496673931666
0.5191778557404557,-0.016702634603545107
0.5193003878119122,-0.015601439219241986
0.5194173071672941,-0.014573334999056727
0.5195400011174118,-0.013511252934914288
0.5196705083518919,-0.012417365646062262
0.5198073267663514,-0.011258316297087933
0.5199300617318682,-0.010224622956742032
0.5200626077465255,-0.009180033474478586
0.5201927133350622,-0.008123072916802107
0.5203198193466027,-0.007057548839179566
0.5204452752953985,-0.0059868815236332135
0.52057019107587,-0.004899590832336715
0.5207015641480912,-0.003800351952498746
0.5208364521329384,-0.002692522922406956
0.5209707011937278,-0.0015921370266404693
0.5211075593602027,-0.00048634684476571714
0.521238769964653,0.0006473268942223195
0.5213771602491074,0.001766276531951834
0.5215203056089687,0.0028931479496344796
0.5216652898141373,0.004015805185149378
0.5218068146968655,0.0051643301848328625
0.5219521771215079,0.006306779811815061
0.5220968030645906,0.007453675875246607
0.5222340842327108,0.008623119319160735
0.5223759954348578,0.009818182979901082
0.5225157025153309,0.01100371537200116
0.5226566053124068,0.012169369612824959
0.5227859267982865,0.01330300301373529
0.522906231915958,0.014413065980329745
0.5230166335630441,0.015509234401539842
0.5231273746053333,0.016588952410190042
0.5232331600870157,0.01764994818712079
0.5233288198276086,0.0186971684321611
0.5234215660856886,0.019715104360487228
0.5234973115166509,0.020716878644057676
0.5235841509324509,0.021854912921887393
0.5236734656017528,0.022945553659329165
0.5237532486095453,0.02398765599097652
0.523832168039325,0.025120547051638225
0.5239046478236274,0.02619659321698429
0.5239814081782436,0.02730466622026008
0.5240735826117185,0.02839793528411719
0.5241626222090108,0.02946100401518967
0.5242813350746628,0.03047441491045392
0.5245240957489996,0.031475743413007184
0.5251056268399094,0.03042793113501236
0.5254099140253964,0.02935837514896723
0.5256745118884594,0.028253528943306093
0.5259162164460863,0.02719288848454128
0.5261423718981069,0.026160073671877084
0.5263849404680359,0.025036075158082996
0.526616299860892,0.023984972098908645
0.52686773062973,0.022864922658459415
0.527103192090616,0.021856259147623257
0.5273507680364697,0.02082137483291564
0.5276108795414653,0.019746847841448117
0.5278823657087601,0.0186620482700679
0.5281698281123788,0.01754414418362814
0.5284724028398525,0.016400371245454452
0.5287845744662901,0.015230060030105883
0.5290531087125425,0.014225555908763295
0.5293249464873536,0.013202779735805662
0.5295993560302839,0.012166695223033482
0.5298780397673106,0.011123825437185503
0.5301615541788403,0.010070736662015299
0.530451123656568,0.009007608698049993
0.5307404610020443,0.00793002115192299
0.5310283973445318,0.006845409811900262
0.5313138915579397,0.00575344811508761
0.5315975977215344,0.004640872816901003
0.5318832582805028,0.003527550940891108
0.532167315821011,0.0024248733431245385
0.5324535108662377,0.001343351825819378
0.532741990158933,0.00028373585359887953
0.533026961815654,-0.0007695857802615798
0.5333147206308404,-0.0018075524093357463
0.5335953219176722,-0.002835968361445165
0.5338724375289738,-0.0038491874232706082
0.5341405142803917,-0.004855053829325994
0.5344577557155616,-0.0060424681831926005
0.5347630761016734,-0.007223975739021341
0.5350474915548287,-0.008395756277448123
0.5353192327644077,-0.009538756524018642
0.5355822221821128,-0.0106717436534592
0.5358242804625405,-0.011783530412693893
0.5360521676655927,-0.012856650162978524
0.5362767945484447,-0.013900833358643722
0.5364948535253371,-0.014940249146360576
0.5366961743068883,-0.01594289550177427
0.5369166346781912,-0.017044024371514987
0.5371250184137685,-0.018074594254949568
0.5373430144657215,-0.01917165638221652
0.5375307046351633,-0.020175495376380907
0.537709322564609,-0.021208094460847055
0.5378719949835774,-0.022292059009957243
0.5379913964116653,-0.02332522599187005
0.5380201853800767,-0.024344844695575088
0.5379649934315278,-0.023290346023207873
0.5379791685429739,-0.02223517970704225
0.5380020894943671,-0.0212130729224967
0.5380264295754913,-0.020153310516702157
0.5380546640611403,-0.01908620706318952
0.5380841164097909,-0.018068462490688327
0.5381162843928657,-0.016986065400021472
0.538155777779264,-0.015831441384494254
0.5381928501473718,-0.014779294527426596
0.5382296000614928,-0.013672642822214708
0.5382666422001404,-0.012521553941211057
0.5383018936569557,-0.011348903709824448
0.5383308585492061,-0.010341720031747489
0.5383554464296232,-0.009307748599356796
0.5383790033002442,-0.008268995840093392
0.5383962020167679,-0.007212673108039912
0.5384106245187357,-0.006149169564205792
0.538419536684257,-0.005070919437891451
0.538425517984565,-0.004009860873868752
0.538427496758501,-0.002941526101679856
0.5384247823181272,-0.0018858469672266322
0.5384204757176347,-0.0008165436292492047
0.5384145482591445,0.00025724852853410804
0.538405590781712,0.0013219096886424504
0.5383913905476213,0.002367203040870953
0.5383740524690154,0.003390078804118938
0.5383400148373105,0.004581000007927579
0.5382940705195854,0.00577657486246406
0.5382426094246636,0.006968934727144748
0.538185210924217,0.00815043742618334
0.538119493109374,0.009299206341992305
0.5380446201635771,0.01041500306954012
0.5379587639882843,0.011513695256250678
0.5378555899269077,0.012605487177589355
0.5377363357226408,0.013670455024780486
0.5376079966325971,0.014683067823708448
0.5374490872897068,0.015797677509711075
0.5372655241523274,0.016855730916926364
0.5370504019668361,0.01786785941731804
0.5367810151281219,0.018963046570587443
0.5364837392699509,0.01997534396590518
0.5361096116113521,0.020985907268892337
0.5355719439586247,0.022052231348808352
0.5348205853328233,0.023068340426348217
0.5338007170027449,0.02371515576209724
0.532789973414838,0.023767365956879134
0.5317863007555368,0.023389286276786297
0.530733991868925,0.02256568713544876
0.5297794332511209,0.021485393205221193
0.5290462054734184,0.020393081312737475
0.5284763853324841,0.019374179877148193
0.5279174994972938,0.018240273474775696
0.5274475664778296,0.017149953102294998
0.5269893623257718,0.015982807670301653
0.526603985385384,0.014932458295496174
0.5262188259062065,0.01383084803547683
0.5258517139258589,0.012686979271851744
0.5254903078979631,0.011522703213877999
0.525193840612807,0.010517392282540573
0.5249053951651839,0.009495257038791732
0.5246349645384071,0.008436477430802707
0.5243805201101222,0.00735857250697976
0.5241412046221937,0.006250263737870863
0.5239111082946888,0.005122857889161257
0.5236909961100124,0.003975173010251377
0.5234777708065002,0.002827319433352699
0.5232799266626208,0.001657375522426924
0.5230986224735297,0.0004576412107330214
0.5229274190598698,-0.0007405547584810832
0.5227727127600892,-0.0019332401457948314
0.5226187117970329,-0.003116407259332621
0.5224801877662009,-0.00429802732609878
0.5223498106702674,-0.00548643636050809
0.5222276453493978,-0.006679721519736112
0.52211507553828,-0.007861976622314311
0.5220079631012956,-0.009030537479593368
0.5219124567211838,-0.010184721772896591
0.521831867803078,-0.011325422395878611
0.5217620436787453,-0.01244122880867048
0.5216996264180886,-0.013553049233384294
0.5216395980117129,-0.014653761816974397
0.5215851644867944,-0.015756232359196105
0.521532473887237,-0.0168486022852772
0.5214781002239335,-0.01793027220502013
0.5214217684658197,-0.01895909970672863
0.5213581595031919,-0.020128261083261056
0.521294064624141,-0.021233081918423023
0.5212295286531045,-0.022293003110362235
0.521157338998223,-0.02330745558952968
0.5210610222046432,-0.024459096579800253
0.5209562898008072,-0.02556988953278765
0.5208483203798295,-0.026622593152459264
0.5207233093237544,-0.027731219967037413
0.5205960340136364,-0.028752966166376143
0.5204422031188198,-0.029798228481228654
0.5202541571495508,-0.030806408558526947
0.5200288020947439,-0.031824398754486664
0.5190241348804513,-0.03239335657104303
0.5185999064373978,-0.03137509710990286
0.518292842449223,-0.030301780119794935
0.5180599649291835,-0.029268705227548004
0.5178435217354371,-0.028215717681407997
0.5176407084643394,-0.027192973643738152
0.5174378129497746,-0.02606858022873546
0.5172642978077038,-0.025021293299201317
0.5170931721862755,-0.023917293715305113
0.5169198644496491,-0.022733018709586564
0.5167735155135389,-0.02171160954544018
0.5166160819365644,-0.020664913866594404
0.5164607682842876,-0.01955835579422315
0.5162998456245025,-0.01842732532188783
0.5161372236952232,-0.017266510096932332
0.5159717842804468,-0.0160790515260187
0.5158011345176261,-0.014873933629030476
0.5156271348357131,-0.01364358779876693
0.5154436279043185,-0.012391464718081018
0.5152598345552849,-0.011139815246577488
0.515110021493617,-0.01013120246735457
0.5149535341962413,-0.009108369210904212
0.5147935613419679,-0.008073936061800228
0.5146288332287674,-0.007034325700318438
0.5144609861690136,-0.0059997227267555246
0.5142874676298793,-0.0049415799498188666
0.514112970345422,-0.003891925586524292
0.5139373482240502,-0.002841364954915525
0.5137590349218228,-0.0017905184099535755
0.5135721482623707,-0.0007476641751656914
0.5133846447898006,0.00028145612590586123
0.5131914118593724,0.001303982720410806
0.5129939362852783,0.0023200773539558558
0.5127923658182931,0.003339352593103924
0.5125855880099153,0.004348803971726689
0.5123227522690305,0.0055888083870251895
0.5120548747712859,0.006811432055890717
0.5117862647398885,0.008009281980604795
0.5115118514478313,0.009195229358586448
0.5112324137078273,0.010357246677952866
0.5109523392818354,0.011489136604006543
0.5106676469505396,0.012568257346087498
0.5103823451451729,0.013605852280599557
0.5100315764300514,0.014791130179164157
0.5096728653037021,0.01592726281702533
0.5092956247249836,0.01700402621360024
0.508905765024874,0.01804880387863359
0.5084353221832981,0.01920065791919738
0.507941681638522,0.020258763450587032
0.5073532021812903,0.021324906326106598
0.5066675098880089,0.022384461724017073
0.505876056653149,0.02340187065421508
0.5048084923430545,0.02444342783808233
0.5037694202265047,0.025054226932860937
0.5027186292473818,0.025304697575412618
0.5017023503245487,0.025254029506012337
0.5006809064353087,0.02494403482678144
0.49965522100235904,0.024274920241056725
0.4986365025091095,0.02333357784862098
0.49772634401602944,0.022301320822679212
0.49692476043471984,0.02120669738881249
0.4962960130957828,0.020183599800941168
0.4957697692347024,0.019178638495189245
0.4952716171427839,0.01810337260199855
0.494792439766181,0.01697601935069579
0.4944013603094567,0.015948202857606023
0.49403164602243527,0.01487388347142542
0.49368299124041837,0.013768633053429843
0.49334682163051563,0.012626420877340783
0.49303076741277124,0.011433532400360925
0.49278062555131913,0.010422048073683543
0.49253862675983295,0.009382625412726933
0.4923030218889377,0.008314214139960816
0.49207877668223843,0.007241589148955302
0.49187155947627725,0.006172413059973557
0.49167979338206474,0.005117901269051904
0.49150227223736664,0.004066025728888841
0.49133929966708495,0.003027497454603259
0.49119209172734624,0.001968632433776422
0.4910625033957591,0.000909129636445457
0.4909427287116278,-0.00015102091675411067
0.4908417054328527,-0.0012111895469061411
0.4907502463272949,-0.0022658751376541477
0.49067315369801134,-0.0033276770602598503
0.4906101641552298,-0.004373395082972064
0.49055257341812675,-0.005416521408680204
0.4904994993707243,-0.0064564595106535675
0.4904475487205204,-0.007497010187357173
0.4904036143284522,-0.008521124520619929
0.490355909464613,-0.009707741132945955
0.49030957924631513,-0.010842840510576143
0.49026973996107126,-0.011935854851235807
0.4902337147013613,-0.013001665470654072
0.49019192968525116,-0.014030841290543336
0.49013553620188033,-0.015177101840476223
0.4900735674386688,-0.016268923872153666
0.4900161676822245,-0.01730113077031235
0.48994091838758425,-0.018387327106609605
0.48984702006410613,-0.01949931531832434
0.48972813937839926,-0.020584157513405792
0.48957724115475176,-0.02164479414798041
0.4893340142814146,-0.02268471186039209
0.4883200852001545,-0.022130341098692545
0.4880359425227715,-0.021049456997319853
0.48784218064924206,-0.01999335456460625
0.4876604858534612,-0.01887344824097293
0.4874838233925596,-0.017730045887160296
0.48731641033470996,-0.016648301634747904
0.4871359347911064,-0.015480998243086122
0.48696357742479196,-0.014407532554430495
0.4867833110189056,-0.013275991697575436
0.48658900906756103,-0.012117648986627769
0.486413695198179,-0.011106721482194238
0.48623185208471953,-0.010085828850542176
0.48604364174203696,-0.009036025059064649
0.48584738006709677,-0.007955023375005917
0.4856463498531285,-0.006844371833651985
0.48544359406572357,-0.0057132170472538055
0.4852370706214559,-0.004572163325308422
0.48502582121715365,-0.003404613651946553
0.4848122582204528,-0.0022334621039618806
0.48459811259898755,-0.0010699469088076825
0.48438135328275195,0.00010911036995045481
0.4841688771387883,0.0012804821289798922
0.48395338654007314,0.002453998247249304
0.48373424920681746,0.0036387263871629784
0.48351265480714845,0.004820422296271959
0.48328158174477576,0.006018431645991944
0.48305189313344754,0.00719594224348148
0.48281969281557635,0.008368159950989636
0.4825802685031172,0.009530485121719098
0.4823307336058598,0.010704306215347112
0.4820782266852873,0.011860939001496401
0.48182059265139765,0.012993817180039524
0.4815589270083452,0.014107847954715487
0.48129670298999444,0.015207089426127307
0.4810310379822369,0.01628416001916647
0.4807630429210903,0.01733181183392653
0.4804891212467649,0.018349371383546437
0.48015328073872426,0.01953650232765372
0.4798140274129216,0.020683520509516728
0.4794735631346595,0.021762805946332675
0.47912653637600144,0.022770260113361387
0.47871487374515254,0.0238822042545718
0.4783008934993963,0.024922965866488792
0.47782777201600846,0.025994919245423704
0.4772928288730786,0.02706580465612591
0.47668771362855394,0.028096751944988826
0.4758687041483179,0.02916401118407063
0.47481123003065756,0.030053914550447494
0.47376371840883785,0.03047189466812268
0.4727366606566653,0.030484485026518394
0.4717089748402571,0.03018116718329447
0.47066824233308324,0.02947244471798006
0.4696154283455339,0.02838736144616486
0.4688001267581796,0.027307679341476418
0.4681270849300405,0.02628693782869948
0.46754242711203753,0.02525120587625768
0.46695814834097865,0.024128611748494826
0.4664498202365309,0.02306697005612376
0.4659510163745649,0.02193199694720509
0.4655296004164536,0.020923149531024903
0.46511839430569246,0.019870901187524912
0.4647182883644385,0.018766939066228727
0.46434709721186873,0.017613053805152802
0.4639947959372616,0.01641580285037752
0.46371650302836137,0.015373275172695745
0.4634493665297489,0.014310606763718163
0.46319529367507095,0.013252712340925869
0.46296176667074296,0.012189512671961899
0.4627470170891477,0.011135890439143297
0.46254302595810093,0.010063090803151604
0.462350821039445,0.008971785243243387
0.46218181341067915,0.007856330200372201
0.4620238439201696,0.0067250582874236135
0.4618852047082319,0.005566377150619689
0.4617604316600099,0.0044082180267304575
0.46165837767753826,0.0032514437587791737
0.4615784761105367,0.0020911763485777658
0.46151612008245013,0.0009412847628551456
0.4614639234893264,-0.00021832035986685852
0.4614168287533654,-0.0013975044320360672
0.46138440312101503,-0.0025618353102077095
0.46136267764324307,-0.003722253845344301
0.461350635965715,-0.004861728907064119
0.46134715664428494,-0.00598424954908368
0.4613472474094885,-0.007097113911601244
0.4613507349915879,-0.00818493109866997
0.46135730212223314,-0.009255228990778346
0.4613721440148947,-0.010314611862563982
0.4614108945945194,-0.011776437734749115
0.46144825773821363,-0.012814733979626085
0.461485421481887,-0.013839344538929139
0.46152366932524835,-0.014854339942522315
0.4615646019629494,-0.015868607642827933
0.4616079403374615,-0.016870549062597672
0.4616684651603256,-0.018012106859832774
0.46172397697442946,-0.01909533770343343
0.46177694709096967,-0.02012113410841153
0.461840979014778,-0.02126606732412022
0.4618933672693864,-0.022363934190744287
0.46192751991391356,-0.023419245260847377
0.46194854657934564,-0.02443777929682833
0.46195689097299547,-0.025497475800685055
0.4619402749015354,-0.02656714879201153
0.4618832987484025,-0.027654720544302437
0.4617689669375662,-0.028677992984846752
0.46158469580328043,-0.029713160552579006
0.4605832429874851,-0.028939948853772865
0.4602394906984236,-0.027891844645330004
0.45992023261850196,-0.0268024824039913
0.4596444341173187,-0.02579146735975988
0.4593538469591544,-0.024695162401490823
0.459088545444858,-0.023647035159661135
0.45881395657541835,-0.02252240444835882
0.4585771825391835,-0.021503192240776986
0.45834051568841666,-0.020419743864723387
0.4581016937135256,-0.019304710595795683
0.45785916624780054,-0.01813202955501644
0.45764586036428323,-0.017127897146015356
0.457429994638826,-0.016091670554368144
0.457212487101031,-0.015033531192982385
0.45699204636527824,-0.01393719662087303
0.4567630096260841,-0.01281507996123004
0.4565255076958715,-0.011675519677636872
0.45628153356530543,-0.010507527250002417
0.45603481274894725,-0.009327947053999254
0.45577653528850687,-0.008142156768958773
0.45550828329184107,-0.006921357318128014
0.45523303070170096,-0.005686242734195762
0.45495742865454275,-0.004445309001232116
0.45473296659873563,-0.0034441732118649098
0.45450961846664395,-0.002435717722244011
0.4542799089333163,-0.0014238626564068045
0.4540570444120011,-0.0004028074930368032
0.4538321327718739,0.0006092915078041302
0.45361024137943057,0.001634197179832821
0.4533870652996969,0.0026504116222081735
0.45316211033882037,0.003654159802141962
0.4529375200659029,0.00466287270939459
0.4526523958285982,0.005912045179319734
0.4523694931209851,0.007159576639209277
0.4520867494337283,0.008383054212142143
0.4518089159124511,0.009610655506319964
0.4515297130172444,0.01081970439604221
0.45124920583372363,0.01201856064429295
0.45096963977880344,0.013191833964405974
0.450698421906318,0.014332095213154292
0.45043704993200745,0.015461653888455308
0.4501874728316123,0.016587038305434006
0.4499471193562703,0.017697750537615197
0.4497152084414663,0.018782961048268234
0.44949068720590063,0.019830414824037194
0.44927016756053,0.02083573044941727
0.44901530310843074,0.021973151662693566
0.4487617890435897,0.023042583402486612
0.44851668328806304,0.024044688142850556
0.4482512254196304,0.02510311425383618
0.4479710454402706,0.02620011682902513
0.44766630663073986,0.027249885032560546
0.44729272845484425,0.028306047555663377
0.44675362842304844,0.02931440944574026
0.44602048902135844,0.028267493930238256
0.4458184136938945,0.027254843619604237
0.44565978900887343,0.026213873765562685
0.44553084485678607,0.025122358619882858
0.4454188750134667,0.024071140697266756
0.44530604073585134,0.022903024853197847
0.445217936070906,0.021813825758149667
0.4451405002810619,0.02065602313542824
0.445064749459295,0.019461552641893927
0.445004184275779,0.01844673102596911
0.4449542885221096,0.017419548169301288
0.444911429470751,0.01637618711947084
0.44487325899743885,0.015297156811189051
0.4448384843152312,0.014192023452776278
0.4448077973935903,0.013070986725975921
0.44478580555176406,0.011928570087106747
0.4447642841248026,0.010769915266972208
0.4447477830882894,0.009604108581117569
0.4447323799905653,0.008433608565443932
0.4447227316044395,0.007258717764012113
0.4447178432923684,0.006089560517937921
0.4447160936127214,0.004916149094996316
0.4447182459948144,0.003713648994378977
0.4447277715949921,0.002490234548286638
0.44474350491781656,0.0012882014187303415
0.4447671552153982,9.618466574580381e-05
0.4448022165798027,-0.001063157154953021
0.44484318763450137,-0.0022022235334508153
0.4448926409664709,-0.0033228187906890055
0.4449702015692108,-0.004627600891359235
0.4450463673213525,-0.0056965286823149625
0.44513171685475034,-0.006761389474725516
0.44521966364279436,-0.0078026821316604595
0.4453115975096306,-0.008817061215736808
0.445436527471597,-0.009996478238068634
0.4455732030298204,-0.011134156236178734
0.445719085008795,-0.012215827721953038
0.44586738684642446,-0.013239932252212643
0.44605494829546416,-0.014339466195857657
0.446281732209396,-0.015467728506312985
0.4465264376666558,-0.01647203479067911
0.4468236024362992,-0.0174945639353296
0.4472184416253151,-0.018536331298779088
0.4478610395638537,-0.019582517857928635
0.44888654086407725,-0.020167163434588842
0.4498891195141124,-0.019553471109374495
0.45056556313792717,-0.018477023073796096
0.45101346083887917,-0.017448083874639423
0.45141862698003166,-0.016336610669120545
0.4517711210744101,-0.01521046170491238
0.4520695586904342,-0.014101588617175103
0.4523155405356373,-0.01305807376259676
0.45256383954799156,-0.011960825839675457
0.45280951731690955,-0.010805694832695042
0.45300624385533445,-0.009788172857225125
0.4532026479076581,-0.008725569094339903
0.45339782861448075,-0.007618277077962681
0.4535895224364463,-0.0064781545457702205
0.4537812496966871,-0.005297590668182134
0.4539677514690861,-0.004075334967906422
0.45415207596734847,-0.0028233763580888293
0.45429944763252106,-0.0018110369253821982
0.45444621728784823,-0.0007754281570934702
0.4545930519062792,0.00026744817909964824
0.4547336414224468,0.00132446510627531
0.4548725871722974,0.0023718702694119284
0.4550078541742405,0.003418255436065761
0.4551434338388656,0.004465676887162732
0.45527959009313,0.005523786217793142
0.4554124808027081,0.006591477416835957
0.45554335068573487,0.007666968460659065
0.45567283512588047,0.008751810617011531
0.4557975200963592,0.009833289350410467
0.455922341434437,0.010908248686228897
0.4560460152843484,0.011968370490693606
0.4561656083845243,0.013020817445425869
0.4562826550247597,0.014044575700060643
0.45642950944067845,0.015271015955054474
0.4565715581449077,0.016485174310490097
0.4567147479659568,0.017690724289456967
0.45685439052149107,0.01887253910945008
0.45699711194549,0.02001474101666677
0.4571446697674941,0.02110040312235461
0.4572881883740817,0.022121225517021875
0.4574466798928636,0.02326125436830879
0.4575997523566373,0.024314804137641238
0.4577822864403792,0.02544394621909722
0.4579648348483437,0.02650828613449184
0.45817538496814847,0.02759979178276861
0.45845012499041526,0.028652385070413025
0.4588377221285517,0.029657374547046162
0.45986563881342457,0.030016037488240284
0.4606312669985409,0.028955213900280156
0.46110976101388484,0.027939990831177323
0.46151634738273906,0.026892748593431857
0.4618926621596302,0.025824965463568546
0.46224163378797833,0.0248025374076073
0.4626154459933928,0.023685855660366094
0.4629453431647176,0.022661611493094733
0.46328162942703166,0.021590335001175433
0.4636308093467836,0.020457414215917426
0.4639913097986994,0.019274917341271916
0.46430023933042425,0.01824850711673234
0.46462350499061117,0.01720636986809255
0.4649547890632345,0.01613708314350468
0.46528949303076156,0.015040253750168304
0.4656228783850091,0.01391638109351814
0.4659558594694923,0.012790288616087168
0.46629563012403624,0.011650545637147278
0.46664392743681166,0.01049647631436061
0.467003263693942,0.009330398847194091
0.4673674029518639,0.00815526455867659
0.46774221757999335,0.006982098227944662
0.4681242976739941,0.005800157000333902
0.46851511746177904,0.004640506145819514
0.46891375298250304,0.003491663057767069
0.46931645172225,0.002362188553455139
0.4697352743121173,0.0012453411845365155
0.47015667895927016,0.0001515634366651068
0.47058804208239235,-0.0009188586291503738
0.4710353536325934,-0.0019636251688302147
0.47149203688201796,-0.0029930040480323815
0.4720438927191325,-0.00416414727969889
0.4725883744435055,-0.005284456017566648
0.47313523066859375,-0.00635631474790939
0.4736883003262924,-0.0073803931305617505
0.4743334565342813,-0.008494690123407882
0.4749690300361446,-0.009511854276521767
0.475696174700416,-0.010559207914140828
0.476494208255245,-0.01158395254807045
0.4774633064008558,-0.012618651178162136
0.47853978908055356,-0.013476635498123623
0.47956625708104283,-0.013912986045444315
0.48058093283026754,-0.013998353520573603
0.4816460786019599,-0.013598539360525734
0.4826175136122658,-0.0125863365034034
0.48319981264578854,-0.011555023472302476
0.48367456651951435,-0.0104640876767752
0.4840533335018426,-0.009367210119308491
0.4843483300515746,-0.008282237608316818
0.4845733843403836,-0.007253544518780599
0.4847788984326861,-0.006165016612592942
0.48496023826090595,-0.005030290141103804
0.4851175577255342,-0.0038495016776577927
0.48523277076366705,-0.002813489386127281
0.48533415038306554,-0.0017409300234281395
0.48542582843043536,-0.0006371258771472065
0.4855037501353824,0.00046601945637562867
0.485566564462922,0.0015878680508282566
0.4856162393043643,0.00271614740685025
0.4856525967790438,0.0038655238116788986
0.4856840111689768,0.005039371055684364
0.485703244151329,0.006241119337638712
0.4857182874607632,0.007449175137139163
0.48572381959834254,0.008659208011168788
0.48572584453722506,0.009858882597828814
0.48571999833885765,0.011040615493524463
0.4857069909687332,0.012220887491861046
0.48569217215842947,0.013371658054981864
0.4856742754168829,0.014509559217684384
0.4856567552537925,0.015631810896972825
0.4856424422189103,0.016752105756077062
0.4856258530794435,0.017861802820798002
0.4856085388485085,0.018933073187024776
0.4855939817891154,0.01995434780623473
0.4855761361673747,0.021105133796219925
0.4855574825503769,0.02216002190095937
0.48554018114511566,0.023305499937325197
0.4855350367882475,0.02438756002918262
0.485553418666771,0.02550457028440236
0.48559168032400096,0.0265794353136109
0.48568068645983364,0.02763654204361519
0.4867038959149795,0.027470684129493873
0.4871479926074703,0.0263826116237871
0.48753828497249174,0.02531527180578761
0.48793165888570905,0.024204825869546046
0.4883173260564166,0.023110308043295693
0.48868475703953995,0.022079187746380066
0.4890767509896065,0.020983642064074833
0.4894918811272311,0.01981684882061706
0.48985389992275424,0.01879961622285184
0.4902288842373431,0.0177255074537801
0.4906123629478575,0.016613633702168774
0.4910094339822536,0.015472916389854215
0.4914128504158756,0.014284743065393382
0.4918276998856423,0.01305146631554905
0.49216363293422827,0.012049948925100133
0.4925072708246912,0.011044409338325786
0.49286029181105717,0.01002698404517915
0.49321626945912744,0.009003952037559862
0.4935755414584861,0.007971449510057623
0.4939404102606545,0.006920056129438984
0.4943072619454095,0.005867533945636757
0.49468195423669664,0.004801126046895839
0.49506223043076913,0.0037305840555587493
0.49545191080960177,0.002627951479311618
0.49584372634141566,0.0015452790650979048
0.49624091333772563,0.0004776749973459849
0.4966376231769572,-0.0005593435689214579
0.49703184813406914,-0.001577747809332096
0.497427658579085,-0.0025784914512158186
0.4979169254285425,-0.0038087307694404174
0.4983983692638255,-0.005014241790647305
0.4988683618114275,-0.006182959193416592
0.4993355047165375,-0.007331195728033045
0.4997967007562771,-0.008448638259105131
0.5002462184985461,-0.009543857158043489
0.5006845165087639,-0.010592640189340839
0.5011901803386214,-0.011769233960662711
0.5016827338343532,-0.012866988605857223
0.5021597800914984,-0.013894871525421758
0.5027098076909761,-0.015025019233815393
0.5032314464388159,-0.016051237152219455
0.5038011165206077,-0.017086967428287487
0.5044421540459539,-0.01812023582403866
0.5053678229767671,-0.01913709428667711
0.5064063681793178,-0.019200755153593364
0.5070597971409211,-0.018199206529714684
0.5073958335741066,-0.01710131392893525
0.5076173793527786,-0.016062682880897988
0.507769937590229,-0.015016394457046375
0.5078875244915794,-0.013999990960396743
0.5079951442817664,-0.01291495976973617
0.5080788031881737,-0.011914309954708498
0.5081541901781045,-0.010865671610198455
0.5082205471150788,-0.009769916510601558
0.5082858570916142,-0.008618980218208935
0.5083451729513302,-0.007443778049847616
0.5083915593479095,-0.006429314400859047
0.5084347241693594,-0.0053969722108008315
0.5084816241864875,-0.004362385189427531
0.5085315315063764,-0.003305384038091297
0.5085805476438282,-0.0022397324384741354
0.5086248340186269,-0.0011614887495398321
0.5086698724869088,-7.795097497124775e-05
0.5087140766790302,0.001000017686904422
0.50875617626198,0.0020711536810136106
0.5087948438560694,0.003140003235932121
0.5088312360327197,0.004200504593003079
0.5088647282555163,0.005248668152096578
0.5088998429848111,0.006291412921082418
0.5089311377809416,0.007334135126776644
0.5089649814164432,0.008365464277230162
0.5089974993305036,0.00939316204375842
0.5090429741117377,0.010570239103874965
0.5090915630194772,0.011697322001463431
0.5091387914806785,0.01277340865280997
0.5091851339134934,0.013809302724265504
0.5092481960866864,0.014952722360473682
0.5093191413686017,0.016022880991217753
0.5094048362073444,0.017150781979492057
0.5095172229936084,0.018267529316620554
0.509674031400526,0.019325463428111787
0.5098634059346265,0.020350258433468726
0.5102340784306547,0.021367534006335242
0.5112340916377477,0.020449097732609316
0.5116059056109136,0.01943866452448893
0.511940408430049,0.018342011794561207
0.5122292359663647,0.017313656663151395
0.5124983011047887,0.016312828972364336
0.5127745678394161,0.015207804622102429
0.5130210040916918,0.014180100817931264
0.513274332776032,0.01310977546611841
0.5135294192635372,0.011984586543857631
0.5137791612904882,0.010801291814155421
0.5139893964611193,0.00975364698312499
0.5142027929413175,0.008672594375982112
0.5144063944943149,0.007562119086976345
0.5146061787836897,0.006408474571890187
0.514792335612997,0.0052093225347861335
0.5149718724898494,0.003971067448753361
0.5151518623398651,0.0027210966819603173
0.5152919495404044,0.001714783830948745
0.5154294441886752,0.0007053501710588132
0.5155608992302388,-0.00030017548538780543
0.5156875437907703,-0.0013134744544771862
0.5158120690945474,-0.0023292458347728916
0.5159369927103872,-0.0033560126788574384
0.5160580698749373,-0.00439217711214076
0.5161791680204212,-0.005417162170644704
0.5162956312261378,-0.006447612880132058
0.516412168581984,-0.007476762418374265
0.5165315786639728,-0.008501212102336654
0.5166529719115888,-0.009522388699120877
0.5167772981498081,-0.010525615852506352
0.5169317394918032,-0.011748803919362881
0.5170898229260524,-0.012939119850710359
0.5172474893487526,-0.0141014358586397
0.5174071017321017,-0.015254999454423485
0.5175685683994824,-0.01638921060101274
0.5177250681016855,-0.017464507609990788
0.5178797898033123,-0.018470020237911815
0.518066574473877,-0.019613682134379817
0.5182518599512174,-0.020679692534355674
0.5184611692203979,-0.02182650866492396
0.5186754935860072,-0.02286563859424424
0.5189327406962382,-0.023943805731198954
0.519239165167618,-0.025003198201965178
0.519635519784191,-0.02602230582732001
0.5205782155626825,-0.027024211885887467
0.5216255454543974,-0.02680583173730104
0.522663253657551,-0.02577381178312304
0.5233584230607403,-0.02476342840271371
0.523957039289453,-0.023762283404339512
0.5245984621499175,-0.022655985848516986
0.5251990851383683,-0.02155216328368707
0.5257335075498015,-0.02050721975620078
0.5262832606701061,-0.019407851411283837
0.526843720267749,-0.018266587666004155
0.52733176071064,-0.01725250075352326
0.5278266126428222,-0.01621382620624081
0.5283304655290041,-0.015156581222219943
0.5288372659523823,-0.014071984532184566
0.5293489071132902,-0.012966607343627064
0.529850878770142,-0.011850477600306683
0.5303406525814944,-0.010735434587146426
0.5308092303736116,-0.00961533777018638
0.5312549476814191,-0.008476676868045221
0.5316791951656835,-0.00733811191096736
0.5320708945324614,-0.006211582486531178
0.5324345027507427,-0.00510853092564197
0.5327693220385629,-0.003997748802777297
0.5330778058095672,-0.002912233712676476
0.5333533728736657,-0.0018497196677881552
0.5335940720421954,-0.0008042474661296088
0.5338002256419434,0.00020864850892688073
0.5339959669389007,0.001328684495902707
0.5341293404351384,0.0023801046050744763
0.534200587089126,0.003520739259175207
0.5342063573172913,0.00460259961623734
0.5341410721423379,0.005638535453862299
0.5340058817029413,0.006738342064660832
0.5337984297965535,0.007740076008947645
0.5334402305297187,0.00876621646791377
0.5328806053150249,0.009834395595294811
0.532017957060491,0.010848586653067593
0.5309770149826777,0.011645598284471759
0.5299221671578331,0.012172200815836236
0.5288376167135225,0.012541501898230284
0.5277563447858729,0.012813269135109037
0.5267038748074808,0.013002204713519986
0.5255935494338292,0.013142213758133096
0.5244682104835414,0.013188697856711002
0.523465342393788,0.013209220360343235
0.5224290021530003,0.013223956196781905
0.5213253439571075,0.01324498132465847
0.5201773536663529,0.013268520905564692
0.5191771459908714,0.013280767203298306
0.5181602968816585,0.013305055995794427
0.5171286230533003,0.013344311911723679
0.5161003861517381,0.013377281769125669
0.5150917907298466,0.013413324906528851
0.5140842080707957,0.013464993316887098
0.5130530631790498,0.013535813097566034
0.5120180426081617,0.013609495891916217
0.5109916749959376,0.013696740765218679
0.5099674691898164,0.013800390939703481
0.508640058192815,0.013963266399740236
0.507550760526415,0.014090971371872107
0.5065078796261108,0.014229424632527651
0.50547199554414,0.014390041212118078
0.5044410818063902,0.014549787454386209
0.503299901888308,0.014738504080142576
0.5022063915793078,0.014952148896651599
0.5011773571231488,0.01515559359873597
0.5001599895029325,0.015345326881530572
0.4991484416754613,0.01551694053214799
0.4980817397075321,0.015708449925237383
0.49705273813815937,0.015821305027369618
0.49799824719198765,0.014789363966534021
0.499028720899046,0.014339909401072753
0.5001214119107144,0.013848712589372193
0.5012393478897377,0.013362351082921387
0.502329985812977,0.012904213529563885
0.5033520242604458,0.01247738823000524
0.5044318590505912,0.012013103143405581
0.5055847277918721,0.011511897372727037
0.5066395857918091,0.011047157529318188
0.5077320532344187,0.010587558123951365
0.5088388590280194,0.010128461865879925
0.5099495466469813,0.009673696947589969
0.5110729281652227,0.009212091083493927
0.5122061511731889,0.008738719518224991
0.5133546363344051,0.008255682608754623
0.5145373906916293,0.007742674319367548
0.5157381915006372,0.007208897691165237
0.5169170542219969,0.006682646687071927
0.5180553507754821,0.00616933842029853
0.5191626305818023,0.005650521102345988
0.5202500008857308,0.005107390885401817
0.5213105665625172,0.0045464968195144265
0.5223702380350225,0.0039575659719225526
0.5234148127383494,0.0033571537912730053
0.5245679588703618,0.0026796980614311678
0.5256288260437075,0.002029681294474429
0.5267511306964915,0.0012885499212619564
0.52775225722799,0.0005335614131015357
0.5287719975726314,-0.0003197408266418476
0.5297911487748952,-0.001235109977812265
0.5307828861171736,-0.002308987614570417
0.531431531570312,-0.003354136082330108
0.5316812870294684,-0.0043769672231081256
0.5312819166572175,-0.005404648082673241
0.5302471026170231,-0.006296656260521447
0.529172341401871,-0.006778133966170653
0.5281618148984826,-0.007020737595607923
0.527126902963434,-0.0071538954360557735
0.526102410826994,-0.007197298320077027
0.5250032981023358,-0.007188514361148292
0.5239891062247413,-0.007134325552323551
0.5229439241376502,-0.0070326506110953224
0.5218640762790083,-0.00686697514853954
0.5207349366098976,-0.006655484642435356
0.5197156003742189,-0.00643638777237173
0.5186612951240227,-0.006200791853545415
0.5175776961068056,-0.005950247117770956
0.5164863922500862,-0.005679754586108844
0.5153912122101585,-0.005399184642859674
0.5143082555250793,-0.0051288388485523995
0.5132328701399237,-0.004852748161203337
0.5121374409272562,-0.004572587669237352
0.5110168885263014,-0.004272910788071872
0.5098868911146839,-0.003970917013338558
0.5087629422510982,-0.003667318689776108
0.5076622165265412,-0.003366413449005461
0.5065969515335386,-0.0030758554248497935
0.5055745140957536,-0.0027959535755244505
0.5044107094780567,-0.0024706972426173763
0.5032472597182551,-0.0021362930303681126
0.5021153526926999,-0.0018384839784181888
0.5010219293977425,-0.0015734815642897803
0.49999204659897334,-0.0013366958214128504
0.49894135868046763,-0.0011247524899181559
0.49791011760902015,-0.000956846654437408
0.4969024673675949,-0.0008302572357637234
0.49588703582855687,-0.0008542449508567761
0.49488597490183117,-0.0013785533685867395
0.49551242018729136,-0.0024345538275029697
0.49652791612056224,-0.003352254575260519
0.49761087873031234,-0.004183699722901139
0.4986768752827952,-0.004951119341528754
0.49977741216703925,-0.005697514652222174
0.5008455167632061,-0.006389094865336745
0.501987189857831,-0.007101063486229713
0.5030523874050744,-0.007741650417946182
0.5041954581020172,-0.00842403791823026
0.50524158172912,-0.009040274498419116
0.5063224608758505,-0.009655279014788768
0.5074076355040853,-0.010253256911294377
0.5084916894283189,-0.010837645470304406
0.5095925517382234,-0.01142689078449921
0.5107138733217285,-0.012012753100272505
0.5118593179073185,-0.01258499870723213
0.5130369000496134,-0.013160770692238076
0.5142326144033519,-0.013739235303039698
0.515411517326859,-0.014279450182114304
0.5165710679161879,-0.014781440196041535
0.5177078704578193,-0.01525853071630886
0.5188196054300453,-0.015727825864944756
0.5199308689793509,-0.01617483687779636
0.5210654888622909,-0.016604311814567507
0.52219320220621,-0.017027130757196994
0.5232806654678143,-0.01739835277691475
0.5243176560727633,-0.01772401000856431
0.525461478071586,-0.01807342094096462
0.5265273105099232,-0.01840240927042192
0.5275717865380773,-0.018730845487415933
0.5285866287025615,-0.019050100599682207
0.5296714333243625,-0.01936397648712146
0.530731933420519,-0.01962462369168355
0.5317980351565056,-0.019927896394427005
0.532832411537476,-0.020231902899208447
0.5317646695660907,-0.0205430207098107
0.5306824531212021,-0.02041556986226919
0.5296573841443107,-0.02026991020980812
0.5286140199786844,-0.02012060246769685
0.5275891885348795,-0.019973658502241382
0.5264652334861837,-0.019787819882545573
0.5254176095059334,-0.01960892917935412
0.5243223230215003,-0.019414533215267787
0.52317515512913,-0.019194781719137487
0.5221649912166572,-0.019001359117667163
0.5211582338861366,-0.0188129209882328
0.5201405842151975,-0.018619040863494304
0.5190955289134026,-0.018416832911373686
0.5180051727612112,-0.018199635653501092
0.5168981268402382,-0.01797525272825632
0.5157950320868765,-0.01774601834888737
0.5146817523017249,-0.01753439476275177
0.5135866713144829,-0.017311125413443984
0.5125332470126217,-0.01711016868173443
0.5115039717340477,-0.01691804291371912
0.5104469015940982,-0.016717339412270316
0.50937251150719,-0.016509793417816478
0.5082883176616403,-0.0163217459871248
0.5072043212743325,-0.016143765327212182
0.506166534333516,-0.015985108894749075
0.5050215298746319,-0.015814280564661033
0.5039443656231768,-0.015650893815193516
0.5028890573436,-0.01548123067022385
0.5018515340273395,-0.01532684921502532
0.5007311057330102,-0.015178321849401809
0.49972956792405715,-0.015067800576785126
0.4986798321207991,-0.014974613597912217
0.4976192257538021,-0.014955046037096837
0.4976898120551231,-0.015967313468461156
0.49876454284743027,-0.016447071247127666
0.4997913530400538,-0.016879025104100658
0.5008998257112734,-0.01734704719916423
0.501920375080505,-0.01777252982492584
0.5030588130382511,-0.0182520109255173
0.5041345127067438,-0.018690778095298323
0.5052373235871912,-0.019149423464059567
0.5063514708053194,-0.01962674357670558
0.5074881352372269,-0.020143792846604777
0.5086518244969774,-0.020669472460833324
0.5096699877694509,-0.021115669084057927
0.5107121855615708,-0.021585273367917476
0.5117799414907924,-0.022090932966128525
0.5128686364670382,-0.022627226027967073
0.5139447893504929,-0.02317728555528515
0.5150057581113717,-0.02372589048491935
0.5160515461493012,-0.02426565709100481
0.5170817856873423,-0.0248258870728937
0.5181118209401011,-0.025398337930480054
0.519165463668295,-0.025989260461543637
0.5202250860190113,-0.0266013895631946
0.5212698521570942,-0.027205664316472183
0.522271124441239,-0.027800242242192918
0.5233736469180181,-0.028476400140047525
0.5244025083647789,-0.029162265343198775
0.5254942909628065,-0.02996810377127264
0.5265376400848437,-0.030766557952027096
0.527647679226332,-0.03163061266784303
0.5287051508296249,-0.032519756450488845
0.5297429150433014,-0.03353777495994318
0.5305060047116584,-0.03455093167299003
0.5309051205860114,-0.03559349206593099
0.5304154013614027,-0.036600451435869756
0.5293572185971342,-0.036940860829977364
0.5283217755656641,-0.03698011685089882
0.5272361575053561,-0.03686620447110251
0.5261811626391195,-0.03667123684024146
0.5251207096838315,-0.03642808170546788
0.5239784564773057,-0.03613864713861007
0.5229142886944688,-0.035837786385819116
0.5218005894762693,-0.03552632071917939
0.5206601453267343,-0.035192466984379604
0.5195027813675264,-0.034833535843279924
0.5184709757943242,-0.03450771963643726
0.5173850342554666,-0.03415932008682926
0.5162698744150211,-0.03379429072616612
0.5151350444894491,-0.033423627570889264
0.5139801985085205,-0.03304820064650445
0.51282227171606,-0.032667864742947215
0.5116691372481085,-0.032306437060088365
0.5104955369284061,-0.031944078957794976
0.5094771454852404,-0.03161775064158593
0.5084378158876317,-0.03129197378436951
0.5073903279486189,-0.030966454956431733
0.5063448445245852,-0.03065356074233959
0.5053074682050656,-0.03035512013434533
0.5042885108240911,-0.03006769647642546
0.5031010610449784,-0.029729137244698535
0.5019172407969665,-0.029399547188681895
0.5009031201553356,-0.02912204947559629
0.4998906169305161,-0.028851197654495373
0.49888865096780965,-0.02860365876682643
0.49771816621859194,-0.028335710879787382
0.4966036721092295,-0.028115955274142748
0.49555609272507967,-0.027918401052551587
0.4945548165908635,-0.02773670869329355
0.4933972975176846,-0.027529447106418373
0.4922782368607746,-0.027348327757361766
0.49120899825263964,-0.02721744502262698
0.4900848738535635,-0.027145269054377388
0.4889911477105233,-0.027132391174268966
0.48796584712829305,-0.02712463311082675
0.4869215861590351,-0.02717963646336626
0.4859029920470813,-0.027497498369979594
0.4865298352368175,-0.02851554184234026
0.48757613523810583,-0.02907661097660764
0.48861285140105737,-0.02955680022463712
0.48970188146873656,-0.0300242000050009
0.49082980748682115,-0.03046215020826434
0.4919298147473563,-0.03085757876867631
0.49296573779156416,-0.031216348440111782
0.4940711040210407,-0.0315843344809718
0.49507617593897213,-0.03190693177279919
0.49611740056597786,-0.032235613207561374
0.4971734305148907,-0.03257660364503875
0.49824538907859683,-0.032911857213914236
0.4993283538003066,-0.03324641453572807
0.5004244480638734,-0.033585455415388835
0.5015353693884198,-0.0339369310794587
0.5026717911994814,-0.0343171335691817
0.5038369611059909,-0.034718581751463154
0.5049938427047598,-0.03511371102873232
0.5061175115617618,-0.03551066715543542
0.5072134272688178,-0.03589853907228535
0.508294821993367,-0.03630421545495641
0.5093667149754096,-0.036735408101182705
0.5104381633020991,-0.03720382141449227
0.5115017913634043,-0.037685698266991405
0.5125312506642387,-0.038145393886361255
0.5136893794247672,-0.03866984826254544
0.5147841535471093,-0.03918981614177582
0.5157927001850583,-0.03972638276656646
0.51687199269163,-0.040345993351542236
0.5179124253472435,-0.040983528584984975
0.5189864092955262,-0.04167180070336636
0.5200464352956425,-0.04237691066299319
0.5210788618158148,-0.04325096900161651
0.5217213788129695,-0.04427552417235725
0.5206776230242278,-0.04470799864980212
0.5196256506988957,-0.04439202677365572
0.518553084320498,-0.04390556375712089
0.5175048407893253,-0.04336020878749678
0.5164312804556729,-0.04271201124967092
0.5153723669474202,-0.042031787431858224
0.5142404917433501,-0.04126917938558699
0.5132233290054989,-0.0405539345427156
0.5121975471861563,-0.03978973767193474
0.5111461515247585,-0.03895643850493119
0.5100517765378529,-0.038061837361390086
0.5089123393237319,-0.037140082272651365
0.5077574769868176,-0.03620040499804942
0.5065941510064617,-0.03523603708134855
0.5055919827627213,-0.03440852408481343
0.5044474789893307,-0.033449883692250104
0.5033308201220131,-0.03248853356032858
0.5021899653640658,-0.03150338674237878
0.5010369531215539,-0.030530328376141887
0.49988589506023606,-0.02957669398109899
0.4985777364043736,-0.02851291424293029
0.4974756517490993,-0.027598487868124456
0.4964253342893151,-0.026709976631251017
0.4954104496462264,-0.025863149687939565
0.4943990312093745,-0.025042447706955545
0.49328471426880394,-0.024164797021753757
0.4922330863330333,-0.023376307552448235
0.49117049808756286,-0.022580362907555183
0.4900915946347816,-0.02176975107722118
0.4890496047980616,-0.020943400901706568
0.48809773693867564,-0.019935531463494235
0.4891174193450552,-0.019515893862101275
0.49017704796346223,-0.019580408620747718
0.4912423671000068,-0.01970919993328441
0.49224504771647626,-0.019870233956598995
0.49336044503593024,-0.02008900242137638
0.494474708692077,-0.02032027202942275
0.49554245695659094,-0.02054828681944093
0.496850650844151,-0.020803719953260302
0.4978603816255086,-0.020983461300477974
0.49888928940235955,-0.021148836108768953
0.499941054794969,-0.02131991879139705
0.5010212877545557,-0.0214750896255552
0.5021088480869005,-0.021636261158622886
0.5032184941494618,-0.02179568209041671
0.5043491701186437,-0.021964667168514595
0.5054917811227704,-0.022131607628511657
0.5066085765723246,-0.022261309403682067
0.5077013927855366,-0.022380440262585476
0.5087739616217065,-0.022488344665889937
0.5098377987937194,-0.022597209175241748
0.5108995792396577,-0.02272322185221104
0.5119574408107586,-0.022850908276120352
0.5130044500431873,-0.022978964030248166
0.5140111777701082,-0.023075927135400374
0.5151272645595264,-0.02315217349157016
0.5161722178186412,-0.02321034183035228
0.5172867323226311,-0.02325080215500034
0.5183229669981955,-0.02325428897956003
0.5194240577438118,-0.023223442158706156
0.520522617159259,-0.02308891530282254
0.5215523075672995,-0.02279017630593301
0.5225647727423792,-0.02208206296805547
0.5227379951438008,-0.021060570274292416
0.5222106032675671,-0.02000100475378014
0.5212634260847857,-0.01894456053358994
0.5202521489922539,-0.018054871672209333
0.519245832801405,-0.01727362161805944
0.5181977676029585,-0.016500969828520378
0.5171636962857693,-0.015773232927855353
0.516041886698583,-0.015022387059174788
0.515027830026658,-0.01436432385657987
0.5140040329584197,-0.013700433050999081
0.512941908047147,-0.012997730600177927
0.5118294371990186,-0.012275534466863351
0.5106724956875885,-0.011545916155440586
0.5096670954779714,-0.010918873733589112
0.5086579801648329,-0.010290785792383869
0.507653788331833,-0.009657481394336143
0.5065133553580461,-0.0089214413183314
0.5054049174093768,-0.008194993752907232
0.5042965293278331,-0.007475285922535619
0.5031647263853085,-0.006758884013111664
0.5020393457090777,-0.0060411381592129585
0.5009361685355191,-0.005329931027659038
0.4998698878125921,-0.004636480481741156
0.4988651279913122,-0.003983921996683856
0.4977940317045534,-0.0032592221924664733
0.49678079894915944,-0.0025231980684753434
0.49568682441226564,-0.001733569042619209
0.49460661453374655,-0.0009139308997576256
0.49352698775195425,-7.80820617049285e-06
0.4925190365905271,0.0009963787223657612
0.49214837512013576,0.002005592210402193
0.49319078644465997,0.00248180809740502
0.49427086072853166,0.0025155160576207196
0.4953236892806075,0.0024141872973024057
0.49632381113625695,0.002265962871042783
0.4974451967722133,0.0020652065343205028
0.49853001953493226,0.0018551096192094625
0.4996720059450992,0.0016149322984737387
0.5007116317210493,0.001387956504946489
0.5017901664555017,0.001153067172371423
0.5028999682392097,0.0009252366384213677
0.5040521225988385,0.0006808409579449225
0.5050846068303712,0.00046442669455960627
0.5061395796414601,0.00024325928235101362
0.5071802774584228,4.517047544274366e-05
0.5081979167924653,-0.00012570327265325068
0.5091989618498712,-0.0002829284162157224
0.5103642074088108,-0.00047686815421340455
0.5115057800800498,-0.0006714159608929275
0.512650037350727,-0.0008624046685574559
0.5138130417145306,-0.0010379903838339463
0.5149581913680511,-0.0011772832364831157
0.5160531210143029,-0.00127176430408551
0.5170908614733855,-0.0013453014732844797
0.5182175364210438,-0.0013946287685779057
0.5192790228298152,-0.0013982199006148442
0.52029276566851,-0.001368832085337394
0.5213826555657688,-0.0012771935664378435
0.522419936959609,-0.0010927606179532347
0.5234270291121713,-0.0007717080548986391
0.5242492341257391,0.0002650617782952348
0.5235615379798136,0.0012983460298249296
0.5225316960950757,0.0022415704680437865
0.5214680465618791,0.0030797607083832474
0.5204088907289806,0.0038563061434885764
0.5192953603248671,0.00462829887790098
0.5181673114991244,0.005364655781773976
0.5170874816378433,0.00605309718796617
0.5159746438872045,0.006769487057151106
0.514846060855812,0.007520639766428996
0.5138214069629489,0.008202137825694122
0.5127312381139449,0.008903690634565085
0.5116036250213071,0.009598917598985719
0.5104703944378352,0.010304724998525217
0.5093532527707467,0.011012585946703308
0.5082736200000273,0.01173441994207316
0.5072436153029145,0.01241638683889607
0.5061121307522544,0.013198787398236284
0.5049815480741953,0.013996088466679884
0.5038667015333718,0.014796861406696941
0.5027812297049472,0.01557148411938735
0.5017237288265627,0.01630464115032446
0.5006190924840799,0.01709747501294351
0.499541153733681,0.017938087665414274
0.4984967954360364,0.01879755924038358
0.497469000580101,0.01966838856126748
0.49652247811864547,0.020684722681320943
0.4975549093325639,0.021348553049449645
0.49857866821132224,0.021271887865835306
0.49965170192334213,0.021102534024685198
0.5007017363840621,0.020901723385524526
0.501756143244527,0.020676508893996765
0.5027637266317342,0.020452378765736676
0.5038469192239988,0.020189925690440157
0.5048583716258628,0.019930380998755805
0.505923838540268,0.01965017071032313
0.5070115251318956,0.019375593133378714
0.5080745764699001,0.019103359032706234
0.5091256766451323,0.01884018232257272
0.5101778233440646,0.018586523133316733
0.5112263245282787,0.018344543623957293
0.5122912445673508,0.018098992433353254
0.5133730285915901,0.017872141332561098
0.514436621184169,0.01767067475182852
0.5154558770472402,0.017509424797973197
0.5165747885404026,0.017351286552338016
0.5176361126458502,0.017214261901629425
0.5187468196588861,0.0170943373060932
0.5197781985085139,0.017030856844260756
0.5208425647388802,0.016991234963757304
0.521870070875393,0.016990842922446344
0.5229099424261333,0.01712260692198271
0.5237474413131666,0.01815503860050655
0.5231778455502438,0.01920469709137559
0.5222938998584382,0.020232869861072193
0.5212685784043145,0.021294869170818388
0.5202152983572361,0.02229961138320498
0.5192052329364436,0.0231440411608154
0.5181243243088335,0.02401944990161259
0.5170986217956371,0.024822539295333398
0.5160608257821231,0.02559533986938846
0.5149803255518897,0.02634581632882767
0.5139666793123784,0.027002243215449865
0.5129094407387469,0.027649044259915448
0.511823326294208,0.028285514104242005
0.5107015162997683,0.028895108688132522
0.5095574601328253,0.02945677466894216
0.5084381588462918,0.029975664412483997
0.5073656276720332,0.030452156862678062
0.5063114061317353,0.03088291788042597
0.5052398019987357,0.031265111343674594
0.504198288300548,0.031581897714626044
0.5030881886990868,0.03185745292943651
0.502065191861955,0.03206643481898199
0.5010527517304495,0.03221573916435318
0.5000114681049723,0.032285109600875106
0.4989684345386683,0.03223614807486228
0.4985598760337207,0.031232541183638936
0.4994502721103164,0.03021347786149126
0.5004837446275449,0.029209557165544357
0.5014931666013687,0.028305489897715495
0.502497710617285,0.02748185708323616
0.5035118947287833,0.02666900460990047
0.5045194509021204,0.025867376359686566
0.5056127436109688,0.02499529778970497
0.5066238380799336,0.024164023604336404
0.5076309913395681,0.023297442486762514
0.508731364730707,0.022297113537190345
0.5098280488874691,0.021252670133536173
0.5108940136663528,0.020180253637497352
0.5119480516017278,0.019086750389478244
0.512984628878456,0.017984070735424847
0.5138599038723374,0.016983599349655123
0.5147305873282669,0.01589318077686065
0.5154734162772181,0.014820835451023322
0.516133539024461,0.013788353543779537
0.51679235201119,0.012648505793474965
0.5172535851593786,0.011602688514441946
0.5175177964973046,0.010589020511625757
0.5174809251574739,0.009556761736943056
0.5169668116394153,0.008494109544309781
0.5159295902558968,0.007714343012084622
0.5149085972004643,0.00741565238055616
0.5138148114860024,0.007306610975132498
0.5127609782885174,0.007327365198732706
0.5117255445126501,0.007429776933413523
0.5107234789019665,0.007567098428170038
0.5096731075131615,0.007736161062011046
0.5086026403619907,0.00793059190078584
0.5075288138504147,0.008142857520087445
0.5064444784120599,0.008374056451467592
0.5053249264749824,0.008619383486780083
0.5041928340780613,0.008866254015746753
0.5029426242273989,0.009136111124714408
0.5018622421190999,0.009410858329321358
0.5008234204368982,0.009672210052736791
0.4997453640476878,0.009939955416738996
0.4987345828732618,0.010196354376498929
0.4976880167622532,0.01049217858299854
0.4966813568526328,0.010779166826677384
0.4955759297830383,0.011076119864066758
0.4965918337072409,0.010214796091437698
0.4976169268076849,0.009757635301977612
0.49871405355960974,0.009262201853132193
0.4998106273244024,0.008763340897905111
0.5008651540070421,0.008284735694665086
0.5019910034332836,0.007780698103694241
0.5030190673709056,0.007313456015436336
0.5041154988752636,0.006822360764597156
0.5052846715984353,0.006277001629813511
0.5063412814790251,0.005774587114354289
0.5074081331912705,0.005274950754242979
0.5084822344207556,0.004788942031668336
0.5095542969715363,0.0042972379460034
0.510619172966286,0.0037896720831672687
0.5116762724396787,0.00325997110415941
0.5127509275025107,0.0027103621130924287
0.5138507054730341,0.0021540880920066265
0.5149607674260197,0.001584427183932221
0.51604973356128,0.001043212194272809
0.5171103160773453,0.0005116922992801276
0.5181390223141851,-2.0332013333200064e-05
0.5191405027997904,-0.0005584864964367802
0.520287061537098,-0.0012113918599050146
0.521434088565461,-0.0018664418873458172
0.5225622221410209,-0.0024886177919455823
0.5236273531282025,-0.0030721568854853716
0.5247255691378961,-0.003676850521945042
0.5258277942910156,-0.004317105033026171
0.5269987000993253,-0.00508539526104944
0.5280557653781409,-0.005815212400158537
0.5290849804046833,-0.00669747187992265
0.5295251638697595,-0.007733341001622855
0.528698707246579,-0.008741333965635143
0.5276912937865905,-0.009177814419885407
0.5266205617349082,-0.009421683565972267
0.5255375867458321,-0.00960832558342906
0.5244776441421198,-0.00977585763771779
0.5234730267030611,-0.009901887109450011
0.5224029740419308,-0.01000530111304139
0.5213760546595129,-0.010118383523737359
0.5203117106265449,-0.01022833579517639
0.5192301207649258,-0.010305459479830676
0.5181251011099934,-0.010368361731129636
0.516873407494112,-0.010435105568138725
0.5157917142398915,-0.010520796082228558
0.5147273282686565,-0.01059623926844901
0.513665135489672,-0.010631217414523034
0.5125931093907381,-0.010676135718992123
0.5115237710429879,-0.01071806700866725
0.5104750272063638,-0.010749965404396862
0.5094706604857822,-0.010770473867942025
0.5084446812199928,-0.01082208321976169
0.507439520453026,-0.010906877164026317
0.5063973743122283,-0.01103920644548499
0.5053934072560091,-0.011215458683133013
0.5043919255983839,-0.011549024577611419
0.5040101474620613,-0.012562868827953322
0.5047518876725043,-0.013578889456995953
0.5058116240518723,-0.014562102780613703
0.5068146219985017,-0.015419092273395366
0.5078211740929304,-0.01620770907808866
0.5088516331301882,-0.01697107193663377
0.5098643316249835,-0.017702294647722546
0.5109488148681759,-0.01846501995743834
0.5119925982933583,-0.019179462199429807
0.5130804077043779,-0.019888822613165113
0.5141725460990554,-0.020605245974914404
0.5152518114774014,-0.02131813844684723
0.5163391618790047,-0.022033390671155072
0.5174116429731883,-0.02273536111639335
0.5184666795571038,-0.023442194520290692
0.5195115822979662,-0.024129356732942697
0.5206664681611746,-0.024889689831407585
0.5217588801868902,-0.02561428044564971
0.5228111107254207,-0.026353616352065973
0.5238167135788871,-0.027060592756521333
0.524822027963083,-0.027810174998671642
0.525831999247035,-0.028658024790355126
0.5248238989657998,-0.028965156735004136
0.5237985387229963,-0.028578174777756687
0.5227145338840425,-0.028147046866840227
0.5216360345901841,-0.02773139445734397
0.5206252127253458,-0.02735293918477175
0.5195366359478942,-0.026955040189534346
0.5184891454317996,-0.026582620830305832
0.5174119951586957,-0.02620978787416438
0.5163095515010317,-0.025848012861098488
0.5152132319148915,-0.025512050380614736
0.5141188892684341,-0.02517283680443495
0.5131142424877614,-0.024869413420931442
0.5119294251615492,-0.024567825196694763
0.5108558378112842,-0.024309588906533473
0.509779875545527,-0.024039421405851337
0.5086937457692566,-0.02376439444432224
0.5076307740747977,-0.02350895317914549
0.5066278257843464,-0.02329852887438457
0.5055780927137915,-0.0230652889394199
0.5045762521264264,-0.022822302332582492
0.5035357223368503,-0.02259147339226365
0.5024185535581213,-0.022387461266546
0.5013828951605521,-0.02218202719173612
0.5003642880436268,-0.021988421588242244
0.49935116514148203,-0.021783945802679807
0.5003521646964985,-0.02219302615898346
