-0.0003,-0.4484,-0.0004,0.0000,0.0000,0.0000
-0.0003,-0.4474,-0.0004,0.0000,0.0000,0.0000
-0.0003,-0.4458,-0.0004,0.0000,0.0000,0.0000
-0.0003,-0.4435,-0.0004,0.0000,0.0000,0.0000
-0.0003,-0.4405,-0.0004,0.0000,0.0000,0.0000
-0.0003,-0.4368,-0.0004,0.0000,0.0000,0.0000
-0.0003,-0.4325,-0.0004,0.0000,0.0000,0.0000
-0.0003,-0.4276,-0.0004,0.0000,0.0000,0.0000
-0.0003,-0.4220,-0.0004,0.0000,0.0000,0.0000
-0.0003,-0.4158,-0.0004,0.0000,0.0000,0.0000
-0.0003,-0.4089,-0.0004,0.0000,0.0000,0.0000
-0.0003,-0.4015,-0.0004,0.0000,0.0000,0.0000
-0.0003,-0.3934,-0.0004,0.0000,0.0000,0.0000
-0.0003,-0.3848,-0.0004,0.0000,0.0000,0.0000
-0.0003,-0.3756,-0.0003,0.0000,0.0000,0.0000
-0.0003,-0.3658,-0.0003,0.0000,0.0000,0.0000
-0.0003,-0.3554,-0.0003,0.0000,0.0000,0.0000
-0.0003,-0.3446,-0.0003,0.0000,0.0000,0.0000
-0.0003,-0.3332,-0.0003,0.0000,0.0000,0.0000
-0.0003,-0.3213,-0.0003,0.0000,0.0000,0.0000
-0.0003,-0.3089,-0.0003,0.0000,0.0000,0.0000
-0.0003,-0.2961,-0.0003,0.0000,0.0000,0.0000
-0.0003,-0.2828,-0.0003,0.0000,0.0000,0.0000
-0.0003,-0.2691,-0.0003,0.0000,0.0000,0.0000
-0.0003,-0.2550,-0.0003,0.0000,0.0000,0.0000
-0.0003,-0.2405,-0.0002,0.0000,0.0000,0.0000
-0.0003,-0.2257,-0.0002,0.0000,0.0000,0.0000
-0.0002,-0.2105,-0.0002,0.0000,0.0000,0.0000
-0.0002,-0.1950,-0.0002,0.0000,0.0000,0.0000
-0.0002,-0.1792,-0.0002,0.0000,0.0000,0.0000
-0.0002,-0.1631,-0.0002,0.0000,0.0000,0.0000
-0.0002,-0.1468,-0.0002,0.0000,0.0000,0.0000
-0.0002,-0.1303,-0.0002,0.0000,0.0000,0.0000
-0.0002,-0.1136,-0.0002,0.0000,0.0000,0.0000
-0.0002,-0.0967,-0.0001,0.0000,0.0000,0.0000
-0.0002,-0.0796,-0.0001,0.0000,0.0000,0.0000
-0.0002,-0.0625,-0.0001,0.0000,0.0000,0.0000
-0.0002,-0.0452,-0.0001,0.0000,0.0000,0.0000
-0.0002,-0.0279,-0.0001,0.0000,0.0000,0.0000
-0.0002,-0.0106,-0.0001,0.0000,0.0000,0.0000
-0.0002,0.0068,-0.0001,0.0000,0.0000,0.0000
-0.0002,0.0242,-0.0000,0.0000,0.0000,0.0000
-0.0002,0.0415,-0.0000,0.0000,0.0000,0.0000
-0.0002,0.0588,-0.0000,0.0000,0.0000,0.0000
-0.0002,0.0760,-0.0000,0.0000,0.0000,0.0000
-0.0001,0.0930,0.0000,0.0000,0.0000,0.0000
-0.0001,0.1100,0.0000,0.0000,0.0000,0.0000
-0.0001,0.1267,0.0000,0.0000,0.0000,0.0000
-0.0001,0.1433,0.0000,0.0000,0.0000,0.0000
-0.0001,0.1596,0.0001,0.0000,0.0000,0.0000
-0.0001,0.1758,0.0001,0.0000,0.0000,0.0000
-0.0001,0.1916,0.0001,0.0000,0.0000,0.0000
-0.0001,0.2072,0.0001,0.0000,0.0000,0.0000
-0.0001,0.2224,0.0001,0.0000,0.0000,0.0000
-0.0001,0.2374,0.0001,0.0000,0.0000,0.0000
-0.0001,0.2519,0.0001,0.0000,0.0000,0.0000
-0.0001,0.2661,0.0002,0.0000,0.0000,0.0000
-0.0001,0.2799,0.0002,0.0000,0.0000,0.0000
-0.0001,0.2933,0.0002,0.0000,0.0000,0.0000
-0.0001,0.3062,0.0002,0.0000,0.0000,0.0000
-0.0000,0.3187,0.0002,0.0000,0.0000,0.0000
-0.0000,0.3307,0.0002,0.0000,0.0000,0.0000
-0.0000,0.3422,0.0002,0.0000,0.0000,0.0000
-0.0000,0.3531,0.0002,0.0000,0.0000,0.0000
-0.0000,0.3636,0.0003,0.0000,0.0000,0.0000
-0.0000,0.3735,0.0003,0.0000,0.0000,0.0000
-0.0000,0.3828,0.0003,0.0000,0.0000,0.0000
0.0000,0.3916,0.0003,0.0000,0.0000,0.0000
0.0000,0.3998,0.0003,0.0000,0.0000,0.0000
0.0000,0.4074,0.0003,0.0000,0.0000,0.0000
0.0000,0.4144,0.0003,0.0000,0.0000,0.0000
0.0000,0.4207,0.0003,0.0000,0.0000,0.0000
0.0000,0.4264,0.0003,0.0000,0.0000,0.0000
0.0000,0.4315,0.0003,0.0000,0.0000,0.0000
0.0001,0.4360,0.0003,0.0000,0.0000,0.0000
0.0001,0.4397,0.0003,0.0000,0.0000,0.0000
0.0001,0.4429,0.0004,0.0000,0.0000,0.0000
0.0001,0.4453,0.0004,0.0000,0.0000,0.0000
0.0001,0.4471,0.0004,0.0000,0.0000,0.0000
0.0001,0.4482,0.0004,0.0000,0.0000,0.0000
0.0001,0.4487,0.0004,0.0000,0.0000,0.0000
0.0001,0.4485,0.0004,0.0000,0.0000,0.0000
0.0001,0.4476,0.0004,0.0000,0.0000,0.0000
0.0001,0.4460,0.0004,0.0000,0.0000,0.0000
0.0001,0.4438,0.0004,0.0000,0.0000,0.0000
0.0001,0.4409,0.0004,0.0000,0.0000,0.0000
0.0001,0.4373,0.0004,0.0000,0.0000,0.0000
0.0001,0.4331,0.0004,0.0000,0.0000,0.0000
0.0002,0.4282,0.0004,0.0000,0.0000,0.0000
0.0002,0.4227,0.0004,0.0000,0.0000,0.0000
0.0002,0.4165,0.0004,0.0000,0.0000,0.0000
0.0002,0.4098,0.0004,0.0000,0.0000,0.0000
0.0002,0.4024,0.0004,0.0000,0.0000,0.0000
0.0002,0.3944,0.0004,0.0000,0.0000,0.0000
0.0002,0.3858,0.0004,0.0000,0.0000,0.0000
0.0002,0.3767,0.0004,0.0000,0.0000,0.0000
0.0002,0.3669,0.0004,0.0000,0.0000,0.0000
0.0002,0.3567,0.0004,0.0000,0.0000,0.0000
0.0002,0.3458,0.0004,0.0000,0.0000,0.0000
0.0002,0.3345,0.0004,0.0000,0.0000,0.0000
0.0002,0.3227,0.0004,0.0000,0.0000,0.0000
0.0002,0.3104,0.0004,0.0000,0.0000,0.0000
0.0002,0.2976,0.0004,0.0000,0.0000,0.0000
0.0002,0.2844,0.0004,0.0000,0.0000,0.0000
0.0002,0.2707,0.0004,0.0000,0.0000,0.0000
0.0002,0.2567,0.0003,0.0000,0.0000,0.0000
0.0002,0.2422,0.0003,0.0000,0.0000,0.0000
0.0003,0.2274,0.0003,0.0000,0.0000,0.0000
0.0003,0.2123,0.0003,0.0000,0.0000,0.0000
0.0003,0.1968,0.0003,0.0000,0.0000,0.0000
0.0003,0.1810,0.0003,0.0000,0.0000,0.0000
0.0003,0.1650,0.0003,0.0000,0.0000,0.0000
0.0003,0.1487,0.0003,0.0000,0.0000,0.0000
0.0003,0.1322,0.0003,0.0000,0.0000,0.0000
0.0003,0.1155,0.0003,0.0000,0.0000,0.0000
0.0003,0.0986,0.0003,0.0000,0.0000,0.0000
0.0003,0.0816,0.0002,0.0000,0.0000,0.0000
0.0003,0.0645,0.0002,0.0000,0.0000,0.0000
0.0003,0.0472,0.0002,0.0000,0.0000,0.0000
0.0003,0.0299,0.0002,0.0000,0.0000,0.0000
0.0003,0.0126,0.0002,0.0000,0.0000,0.0000
0.0003,-0.0048,0.0002,0.0000,0.0000,0.0000
0.0003,-0.0222,0.0002,0.0000,0.0000,0.0000
0.0003,-0.0395,0.0002,0.0000,0.0000,0.0000
0.0003,-0.0568,0.0001,0.0000,0.0000,0.0000
0.0003,-0.0740,0.0001,0.0000,0.0000,0.0000
0.0003,-0.0911,0.0001,0.0000,0.0000,0.0000
0.0003,-0.1080,0.0001,0.0000,0.0000,0.0000
0.0003,-0.1248,0.0001,0.0000,0.0000,0.0000
0.0003,-0.1414,0.0001,0.0000,0.0000,0.0000
0.0003,-0.1578,0.0001,0.0000,0.0000,0.0000
0.0003,-0.1739,0.0001,0.0000,0.0000,0.0000
0.0003,-0.1898,0.0000,0.0000,0.0000,0.0000
0.0003,-0.2054,0.0000,0.0000,0.0000,0.0000
0.0003,-0.2207,0.0000,0.0000,0.0000,0.0000
0.0003,-0.2356,0.0000,0.0000,0.0000,0.0000
0.0003,-0.2503,-0.0000,0.0000,0.0000,0.0000
0.0003,-0.2645,-0.0000,0.0000,0.0000,0.0000
0.0003,-0.2783,-0.0000,0.0000,0.0000,0.0000
0.0003,-0.2917,-0.0001,0.0000,0.0000,0.0000
0.0003,-0.3047,-0.0001,0.0000,0.0000,0.0000
0.0003,-0.3172,-0.0001,0.0000,0.0000,0.0000
0.0003,-0.3293,-0.0001,0.0000,0.0000,0.0000
0.0003,-0.3408,-0.0001,0.0000,0.0000,0.0000
0.0003,-0.3519,-0.0001,0.0000,0.0000,0.0000
0.0003,-0.3624,-0.0001,0.0000,0.0000,0.0000
0.0003,-0.3724,-0.0001,0.0000,0.0000,0.0000
0.0003,-0.3818,-0.0002,0.0000,0.0000,0.0000
0.0003,-0.3906,-0.0002,0.0000,0.0000,0.0000
0.0003,-0.3989,-0.0002,0.0000,0.0000,0.0000
0.0003,-0.4065,-0.0002,0.0000,0.0000,0.0000
0.0003,-0.4136,-0.0002,0.0000,0.0000,0.0000
0.0003,-0.4200,-0.0002,0.0000,0.0000,0.0000
0.0003,-0.4258,-0.0002,0.0000,0.0000,0.0000
0.0003,-0.4310,-0.0002,0.0000,0.0000,0.0000
0.0003,-0.4355,-0.0003,0.0000,0.0000,0.0000
0.0003,-0.4393,-0.0003,0.0000,0.0000,0.0000
0.0003,-0.4425,-0.0003,0.0000,0.0000,0.0000
0.0003,-0.4451,-0.0003,0.0000,0.0000,0.0000
0.0003,-0.4469,-0.0003,0.0000,0.0000,0.0000
0.0003,-0.4481,-0.0003,0.0000,0.0000,0.0000
0.0003,-0.4487,-0.0003,0.0000,0.0000,0.0000
0.0002,-0.4485,-0.0003,0.0000,0.0000,0.0000
0.0002,-0.4477,-0.0003,0.0000,0.0000,0.0000
0.0002,-0.4462,-0.0003,0.0000,0.0000,0.0000
0.0002,-0.4440,-0.0003,0.0000,0.0000,0.0000
0.0002,-0.4412,-0.0004,0.0000,0.0000,0.0000
0.0002,-0.4377,-0.0004,0.0000,0.0000,0.0000
0.0002,-0.4336,-0.0004,0.0000,0.0000,0.0000
0.0002,-0.4288,-0.0004,0.0000,0.0000,0.0000
0.0002,-0.4234,-0.0004,0.0000,0.0000,0.0000
0.0002,-0.4173,-0.0004,0.0000,0.0000,0.0000
0.0002,-0.4106,-0.0004,0.0000,0.0000,0.0000
0.0002,-0.4033,-0.0004,0.0000,0.0000,0.0000
0.0002,-0.3953,-0.0004,0.0000,0.0000,0.0000
0.0002,-0.3868,-0.0004,0.0000,0.0000,0.0000
0.0002,-0.3777,-0.0004,0.0000,0.0000,0.0000
0.0002,-0.3681,-0.0004,0.0000,0.0000,0.0000
0.0002,-0.3579,-0.0004,0.0000,0.0000,0.0000
0.0002,-0.3471,-0.0004,0.0000,0.0000,0.0000
0.0001,-0.3359,-0.0004,0.0000,0.0000,0.0000
0.0001,-0.3241,-0.0004,0.0000,0.0000,0.0000
0.0001,-0.3118,-0.0004,0.0000,0.0000,0.0000
0.0001,-0.2991,-0.0004,0.0000,0.0000,0.0000
0.0001,-0.2859,-0.0004,0.0000,0.0000,0.0000
0.0001,-0.2723,-0.0004,0.0000,0.0000,0.0000
0.0001,-0.2583,-0.0004,0.0000,0.0000,0.0000
0.0001,-0.2439,-0.0004,0.0000,0.0000,0.0000
0.0001,-0.2291,-0.0004,0.0000,0.0000,0.0000
0.0001,-0.2140,-0.0004,0.0000,0.0000,0.0000
0.0001,-0.1986,-0.0004,0.0000,0.0000,0.0000
0.0001,-0.1829,-0.0004,0.0000,0.0000,0.0000
0.0001,-0.1669,-0.0004,0.0000,0.0000,0.0000
0.0001,-0.1506,-0.0004,0.0000,0.0000,0.0000
0.0000,-0.1341,-0.0004,0.0000,0.0000,0.0000
0.0000,-0.1175,-0.0004,0.0000,0.0000,0.0000
0.0000,-0.1006,-0.0003,0.0000,0.0000,0.0000
0.0000,-0.0836,-0.0003,0.0000,0.0000,0.0000
0.0000,-0.0665,-0.0003,0.0000,0.0000,0.0000
0.0000,-0.0492,-0.0003,0.0000,0.0000,0.0000
0.0000,-0.0319,-0.0003,0.0000,0.0000,0.0000
-0.0000,-0.0146,-0.0003,0.0000,0.0000,0.0000
-0.0000,0.0028,-0.0003,0.0000,0.0000,0.0000
-0.0000,0.0202,-0.0003,0.0000,0.0000,0.0000
-0.0000,0.0375,-0.0003,0.0000,0.0000,0.0000
-0.0000,0.0548,-0.0003,0.0000,0.0000,0.0000
-0.0000,0.0720,-0.0003,0.0000,0.0000,0.0000
-0.0000,0.0891,-0.0002,0.0000,0.0000,0.0000
-0.0001,0.1061,-0.0002,0.0000,0.0000,0.0000
-0.0001,0.1229,-0.0002,0.0000,0.0000,0.0000
-0.0001,0.1395,-0.0002,0.0000,0.0000,0.0000
-0.0001,0.1559,-0.0002,0.0000,0.0000,0.0000
-0.0001,0.1721,-0.0002,0.0000,0.0000,0.0000
-0.0001,0.1880,-0.0002,0.0000,0.0000,0.0000
-0.0001,0.2036,-0.0002,0.0000,0.0000,0.0000
-0.0001,0.2189,-0.0001,0.0000,0.0000,0.0000
-0.0001,0.2339,-0.0001,0.0000,0.0000,0.0000
-0.0001,0.2486,-0.0001,0.0000,0.0000,0.0000
-0.0001,0.2629,-0.0001,0.0000,0.0000,0.0000
-0.0001,0.2767,-0.0001,0.0000,0.0000,0.0000
-0.0001,0.2902,-0.0001,0.0000,0.0000,0.0000
-0.0001,0.3032,-0.0001,0.0000,0.0000,0.0000
-0.0001,0.3158,-0.0001,0.0000,0.0000,0.0000
-0.0002,0.3279,-0.0000,0.0000,0.0000,0.0000
-0.0002,0.3395,-0.0000,0.0000,0.0000,0.0000
-0.0002,0.3506,-0.0000,0.0000,0.0000,0.0000
-0.0002,0.3612,0.0000,0.0000,0.0000,0.0000
-0.0002,0.3713,0.0000,0.0000,0.0000,0.0000
-0.0002,0.3807,0.0000,0.0000,0.0000,0.0000
-0.0002,0.3896,0.0000,0.0000,0.0000,0.0000
-0.0002,0.3980,0.0001,0.0000,0.0000,0.0000
-0.0002,0.4057,0.0001,0.0000,0.0000,0.0000
-0.0002,0.4128,0.0001,0.0000,0.0000,0.0000
-0.0002,0.4193,0.0001,0.0000,0.0000,0.0000
-0.0002,0.4252,0.0001,0.0000,0.0000,0.0000
-0.0002,0.4304,0.0001,0.0000,0.0000,0.0000
-0.0002,0.4350,0.0001,0.0000,0.0000,0.0000
-0.0002,0.4389,0.0002,0.0000,0.0000,0.0000
-0.0002,0.4422,0.0002,0.0000,0.0000,0.0000
-0.0002,0.4448,0.0002,0.0000,0.0000,0.0000
-0.0002,0.4468,0.0002,0.0000,0.0000,0.0000
-0.0003,0.4480,0.0002,0.0000,0.0000,0.0000
-0.0003,0.4486,0.0002,0.0000,0.0000,0.0000
-0.0003,0.4486,0.0002,0.0000,0.0000,0.0000
-0.0003,0.4478,0.0002,0.0000,0.0000,0.0000
-0.0003,0.4464,0.0002,0.0000,0.0000,0.0000
-0.0003,0.4443,0.0003,0.0000,0.0000,0.0000
-0.0003,0.4416,0.0003,0.0000,0.0000,0.0000
-0.0003,0.4382,0.0003,0.0000,0.0000,0.0000
-0.0003,0.4341,0.0003,0.0000,0.0000,0.0000
-0.0003,0.4294,0.0003,0.0000,0.0000,0.0000
-0.0003,0.4240,0.0003,0.0000,0.0000,0.0000
-0.0003,0.4180,0.0003,0.0000,0.0000,0.0000
-0.0003,0.4114,0.0003,0.0000,0.0000,0.0000
-0.0003,0.4041,0.0003,0.0000,0.0000,0.0000
-0.0003,0.3963,0.0003,0.0000,0.0000,0.0000
-0.0003,0.3878,0.0003,0.0000,0.0000,0.0000
-0.0003,0.3788,0.0004,0.0000,0.0000,0.0000
-0.0003,0.3692,0.0004,0.0000,0.0000,0.0000
-0.0003,0.3591,0.0004,0.0000,0.0000,0.0000
-0.0003,0.3484,0.0004,0.0000,0.0000,0.0000
-0.0003,0.3372,0.0004,0.0000,0.0000,0.0000
-0.0003,0.3255,0.0004,0.0000,0.0000,0.0000
-0.0003,0.3133,0.0004,0.0000,0.0000,0.0000
-0.0003,0.3006,0.0004,0.0000,0.0000,0.0000
-0.0003,0.2875,0.0004,0.0000,0.0000,0.0000
-0.0003,0.2739,0.0004,0.0000,0.0000,0.0000
-0.0003,0.2599,0.0004,0.0000,0.0000,0.0000
-0.0003,0.2456,0.0004,0.0000,0.0000,0.0000
-0.0003,0.2309,0.0004,0.0000,0.0000,0.0000
-0.0003,0.2158,0.0004,0.0000,0.0000,0.0000
-0.0003,0.2004,0.0004,0.0000,0.0000,0.0000
-0.0003,0.1847,0.0004,0.0000,0.0000,0.0000
-0.0003,0.1687,0.0004,0.0000,0.0000,0.0000
-0.0003,0.1525,0.0004,0.0000,0.0000,0.0000
-0.0003,0.1361,0.0004,0.0000,0.0000,0.0000
-0.0003,0.1194,0.0004,0.0000,0.0000,0.0000
-0.0003,0.1026,0.0004,0.0000,0.0000,0.0000
-0.0003,0.0856,0.0004,0.0000,0.0000,0.0000
-0.0003,0.0685,0.0004,0.0000,0.0000,0.0000
-0.0003,0.0512,0.0004,0.0000,0.0000,0.0000
-0.0003,0.0339,0.0004,0.0000,0.0000,0.0000
-0.0003,0.0166,0.0004,0.0000,0.0000,0.0000
-0.0003,-0.0008,0.0004,0.0000,0.0000,0.0000
-0.0003,-0.0182,0.0004,0.0000,0.0000,0.0000
-0.0003,-0.0355,0.0004,0.0000,0.0000,0.0000
-0.0003,-0.0528,0.0003,0.0000,0.0000,0.0000
-0.0003,-0.0700,0.0003,0.0000,0.0000,0.0000
-0.0003,-0.0871,0.0003,0.0000,0.0000,0.0000
-0.0003,-0.1041,0.0003,0.0000,0.0000,0.0000
-0.0003,-0.1209,0.0003,0.0000,0.0000,0.0000
-0.0003,-0.1376,0.0003,0.0000,0.0000,0.0000
-0.0003,-0.1540,0.0003,0.0000,0.0000,0.0000
-0.0003,-0.1702,0.0003,0.0000,0.0000,0.0000
-0.0003,-0.1861,0.0003,0.0000,0.0000,0.0000
-0.0003,-0.2018,0.0003,0.0000,0.0000,0.0000
-0.0002,-0.2172,0.0003,0.0000,0.0000,0.0000
-0.0002,-0.2322,0.0002,0.0000,0.0000,0.0000
-0.0002,-0.2469,0.0002,0.0000,0.0000,0.0000
-0.0002,-0.2612,0.0002,0.0000,0.0000,0.0000
-0.0002,-0.2752,0.0002,0.0000,0.0000,0.0000
-0.0002,-0.2887,0.0002,0.0000,0.0000,0.0000
-0.0002,-0.3018,0.0002,0.0000,0.0000,0.0000
-0.0002,-0.3144,0.0002,0.0000,0.0000,0.0000
-0.0002,-0.3266,0.0002,0.0000,0.0000,0.0000
-0.0002,-0.3382,0.0002,0.0000,0.0000,0.0000
-0.0002,-0.3494,0.0001,0.0000,0.0000,0.0000
-0.0002,-0.3600,0.0001,0.0000,0.0000,0.0000
-0.0002,-0.3701,0.0001,0.0000,0.0000,0.0000
-0.0002,-0.3797,0.0001,0.0000,0.0000,0.0000
-0.0002,-0.3886,0.0001,0.0000,0.0000,0.0000
-0.0002,-0.3970,0.0001,0.0000,0.0000,0.0000
-0.0002,-0.4048,0.0001,0.0000,0.0000,0.0000
-0.0002,-0.4120,0.0000,0.0000,0.0000,0.0000
-0.0001,-0.4186,0.0000,0.0000,0.0000,0.0000
-0.0001,-0.4245,0.0000,0.0000,0.0000,0.0000
-0.0001,-0.4298,0.0000,0.0000,0.0000,0.0000
-0.0001,-0.4345,-0.0000,0.0000,0.0000,0.0000
-0.0001,-0.4385,-0.0000,0.0000,0.0000,0.0000
-0.0001,-0.4419,-0.0000,0.0000,0.0000,0.0000
-0.0001,-0.4445,-0.0000,0.0000,0.0000,0.0000
-0.0001,-0.4466,-0.0001,0.0000,0.0000,0.0000
-0.0001,-0.4479,-0.0001,0.0000,0.0000,0.0000
-0.0001,-0.4486,-0.0001,0.0000,0.0000,0.0000
-0.0001,-0.4486,-0.0001,0.0000,0.0000,0.0000
-0.0001,-0.4479,-0.0001,0.0000,0.0000,0.0000
-0.0001,-0.4466,-0.0001,0.0000,0.0000,0.0000
-0.0001,-0.4446,-0.0001,0.0000,0.0000,0.0000
-0.0001,-0.4419,-0.0002,0.0000,0.0000,0.0000
-0.0000,-0.4386,-0.0002,0.0000,0.0000,0.0000
-0.0000,-0.4346,-0.0002,0.0000,0.0000,0.0000
-0.0000,-0.4300,-0.0002,0.0000,0.0000,0.0000
-0.0000,-0.4247,-0.0002,0.0000,0.0000,0.0000
-0.0000,-0.4187,-0.0002,0.0000,0.0000,0.0000
-0.0000,-0.4122,-0.0002,0.0000,0.0000,0.0000
-0.0000,-0.4050,-0.0002,0.0000,0.0000,0.0000
0.0000,-0.3972,-0.0003,0.0000,0.0000,0.0000
0.0000,-0.3889,-0.0003,0.0000,0.0000,0.0000
0.0000,-0.3799,-0.0003,0.0000,0.0000,0.0000
0.0000,-0.3704,-0.0003,0.0000,0.0000,0.0000
0.0000,-0.3603,-0.0003,0.0000,0.0000,0.0000
0.0000,-0.3497,-0.0003,0.0000,0.0000,0.0000
0.0000,-0.3385,-0.0003,0.0000,0.0000,0.0000
0.0001,-0.3268,-0.0003,0.0000,0.0000,0.0000
0.0001,-0.3147,-0.0003,0.0000,0.0000,0.0000
0.0001,-0.3021,-0.0003,0.0000,0.0000,0.0000
0.0001,-0.2890,-0.0003,0.0000,0.0000,0.0000
0.0001,-0.2755,-0.0003,0.0000,0.0000,0.0000
0.0001,-0.2616,-0.0004,0.0000,0.0000,0.0000
0.0001,-0.2473,-0.0004,0.0000,0.0000,0.0000
0.0001,-0.2326,-0.0004,0.0000,0.0000,0.0000
0.0001,-0.2176,-0.0004,0.0000,0.0000,0.0000
0.0001,-0.2022,-0.0004,0.0000,0.0000,0.0000
0.0001,-0.1865,-0.0004,0.0000,0.0000,0.0000
0.0001,-0.1706,-0.0004,0.0000,0.0000,0.0000
0.0001,-0.1544,-0.0004,0.0000,0.0000,0.0000
0.0001,-0.1380,-0.0004,0.0000,0.0000,0.0000
0.0002,-0.1213,-0.0004,0.0000,0.0000,0.0000
0.0002,-0.1045,-0.0004,0.0000,0.0000,0.0000
0.0002,-0.0875,-0.0004,0.0000,0.0000,0.0000
0.0002,-0.0704,-0.0004,0.0000,0.0000,0.0000
0.0002,-0.0532,-0.0004,0.0000,0.0000,0.0000
0.0002,-0.0359,-0.0004,0.0000,0.0000,0.0000
0.0002,-0.0186,-0.0004,0.0000,0.0000,0.0000
0.0002,-0.0012,-0.0004,0.0000,0.0000,0.0000
0.0002,0.0162,-0.0004,0.0000,0.0000,0.0000
0.0002,0.0335,-0.0004,0.0000,0.0000,0.0000
0.0002,0.0508,-0.0004,0.0000,0.0000,0.0000
0.0002,0.0680,-0.0004,0.0000,0.0000,0.0000
0.0002,0.0852,-0.0004,0.0000,0.0000,0.0000
0.0002,0.1021,-0.0004,0.0000,0.0000,0.0000
0.0002,0.1190,-0.0004,0.0000,0.0000,0.0000
0.0002,0.1356,-0.0004,0.0000,0.0000,0.0000
0.0002,0.1521,-0.0004,0.0000,0.0000,0.0000
0.0002,0.1683,-0.0004,0.0000,0.0000,0.0000
0.0002,0.1843,-0.0004,0.0000,0.0000,0.0000
0.0003,0.2000,-0.0004,0.0000,0.0000,0.0000
0.0003,0.2154,-0.0003,0.0000,0.0000,0.0000
0.0003,0.2305,-0.0003,0.0000,0.0000,0.0000
0.0003,0.2452,-0.0003,0.0000,0.0000,0.0000
0.0003,0.2596,-0.0003,0.0000,0.0000,0.0000
0.0003,0.2736,-0.0003,0.0000,0.0000,0.0000
0.0003,0.2871,-0.0003,0.0000,0.0000,0.0000
0.0003,0.3003,-0.0003,0.0000,0.0000,0.0000
0.0003,0.3130,-0.0003,0.0000,0.0000,0.0000
0.0003,0.3252,-0.0003,0.0000,0.0000,0.0000
0.0003,0.3369,-0.0003,0.0000,0.0000,0.0000
0.0003,0.3481,-0.0003,0.0000,0.0000,0.0000
0.0003,0.3588,-0.0002,0.0000,0.0000,0.0000
0.0003,0.3690,-0.0002,0.0000,0.0000,0.0000
0.0003,0.3786,-0.0002,0.0000,0.0000,0.0000
0.0003,0.3876,-0.0002,0.0000,0.0000,0.0000
0.0003,0.3961,-0.0002,0.0000,0.0000,0.0000
0.0003,0.4040,-0.0002,0.0000,0.0000,0.0000
0.0003,0.4112,-0.0002,0.0000,0.0000,0.0000
0.0003,0.4179,-0.0002,0.0000,0.0000,0.0000
0.0003,0.4239,-0.0002,0.0000,0.0000,0.0000
0.0003,0.4293,-0.0001,0.0000,0.0000,0.0000
0.0003,0.4340,-0.0001,0.0000,0.0000,0.0000
0.0003,0.4381,-0.0001,0.0000,0.0000,0.0000
0.0003,0.4415,-0.0001,0.0000,0.0000,0.0000
0.0003,0.4443,-0.0001,0.0000,0.0000,0.0000
0.0003,0.4464,-0.0001,0.0000,0.0000,0.0000
0.0003,0.4478,-0.0001,0.0000,0.0000,0.0000
0.0003,0.4486,-0.0000,0.0000,0.0000,0.0000
0.0003,0.4486,-0.0000,0.0000,0.0000,0.0000
0.0003,0.4481,-0.0000,0.0000,0.0000,0.0000
0.0003,0.4468,-0.0000,0.0000,0.0000,0.0000
0.0003,0.4449,0.0000,0.0000,0.0000,0.0000
0.0003,0.4423,0.0000,0.0000,0.0000,0.0000
0.0003,0.4390,0.0000,0.0000,0.0000,0.0000
0.0003,0.4351,0.0001,0.0000,0.0000,0.0000
0.0003,0.4305,0.0001,0.0000,0.0000,0.0000
0.0003,0.4253,0.0001,0.0000,0.0000,0.0000
0.0003,0.4195,0.0001,0.0000,0.0000,0.0000
0.0003,0.4130,0.0001,0.0000,0.0000,0.0000
0.0003,0.4059,0.0001,0.0000,0.0000,0.0000
0.0003,0.3982,0.0001,0.0000,0.0000,0.0000
0.0003,0.3899,0.0001,0.0000,0.0000,0.0000
0.0003,0.3810,0.0002,0.0000,0.0000,0.0000
0.0003,0.3715,0.0002,0.0000,0.0000,0.0000
0.0003,0.3615,0.0002,0.0000,0.0000,0.0000
0.0003,0.3509,0.0002,0.0000,0.0000,0.0000
0.0003,0.3398,0.0002,0.0000,0.0000,0.0000
0.0003,0.3282,0.0002,0.0000,0.0000,0.0000
0.0003,0.3161,0.0002,0.0000,0.0000,0.0000
0.0003,0.3036,0.0002,0.0000,0.0000,0.0000
0.0003,0.2905,0.0003,0.0000,0.0000,0.0000
0.0003,0.2771,0.0003,0.0000,0.0000,0.0000
0.0003,0.2632,0.0003,0.0000,0.0000,0.0000
0.0003,0.2489,0.0003,0.0000,0.0000,0.0000
0.0002,0.2343,0.0003,0.0000,0.0000,0.0000
0.0002,0.2193,0.0003,0.0000,0.0000,0.0000
0.0002,0.2040,0.0003,0.0000,0.0000,0.0000
0.0002,0.1884,0.0003,0.0000,0.0000,0.0000
0.0002,0.1724,0.0003,0.0000,0.0000,0.0000
0.0002,0.1563,0.0003,0.0000,0.0000,0.0000
0.0002,0.1399,0.0003,0.0000,0.0000,0.0000
0.0002,0.1233,0.0004,0.0000,0.0000,0.0000
0.0002,0.1065,0.0004,0.0000,0.0000,0.0000
0.0002,0.0895,0.0004,0.0000,0.0000,0.0000
0.0002,0.0724,0.0004,0.0000,0.0000,0.0000
0.0002,0.0552,0.0004,0.0000,0.0000,0.0000
0.0002,0.0379,0.0004,0.0000,0.0000,0.0000
0.0002,0.0206,0.0004,0.0000,0.0000,0.0000
0.0002,0.0032,0.0004,0.0000,0.0000,0.0000
0.0002,-0.0141,0.0004,0.0000,0.0000,0.0000
0.0002,-0.0315,0.0004,0.0000,0.0000,0.0000
0.0002,-0.0488,0.0004,0.0000,0.0000,0.0000
0.0001,-0.0660,0.0004,0.0000,0.0000,0.0000
0.0001,-0.0832,0.0004,0.0000,0.0000,0.0000
0.0001,-0.1002,0.0004,0.0000,0.0000,0.0000
0.0001,-0.1170,0.0004,0.0000,0.0000,0.0000
0.0001,-0.1337,0.0004,0.0000,0.0000,0.0000
0.0001,-0.1502,0.0004,0.0000,0.0000,0.0000
0.0001,-0.1665,0.0004,0.0000,0.0000,0.0000
0.0001,-0.1825,0.0004,0.0000,0.0000,0.0000
0.0001,-0.1982,0.0004,0.0000,0.0000,0.0000
0.0001,-0.2137,0.0004,0.0000,0.0000,0.0000
0.0001,-0.2288,0.0004,0.0000,0.0000,0.0000
0.0001,-0.2435,0.0004,0.0000,0.0000,0.0000
0.0001,-0.2580,0.0004,0.0000,0.0000,0.0000
0.0001,-0.2720,0.0004,0.0000,0.0000,0.0000
0.0000,-0.2856,0.0004,0.0000,0.0000,0.0000
0.0000,-0.2988,0.0004,0.0000,0.0000,0.0000
0.0000,-0.3115,0.0004,0.0000,0.0000,0.0000
0.0000,-0.3238,0.0004,0.0000,0.0000,0.0000
0.0000,-0.3356,0.0004,0.0000,0.0000,0.0000
0.0000,-0.3469,0.0003,0.0000,0.0000,0.0000
0.0000,-0.3576,0.0003,0.0000,0.0000,0.0000
-0.0000,-0.3678,0.0003,0.0000,0.0000,0.0000
-0.0000,-0.3775,0.0003,0.0000,0.0000,0.0000
-0.0000,-0.3866,0.0003,0.0000,0.0000,0.0000
-0.0000,-0.3951,0.0003,0.0000,0.0000,0.0000
-0.0000,-0.4031,0.0003,0.0000,0.0000,0.0000
-0.0000,-0.4104,0.0003,0.0000,0.0000,0.0000
-0.0000,-0.4171,0.0003,0.0000,0.0000,0.0000
-0.0001,-0.4232,0.0003,0.0000,0.0000,0.0000
-0.0001,-0.4287,0.0003,0.0000,0.0000,0.0000
-0.0001,-0.4335,0.0002,0.0000,0.0000,0.0000
-0.0001,-0.4376,0.0002,0.0000,0.0000,0.0000
-0.0001,-0.4411,0.0002,0.0000,0.0000,0.0000
-0.0001,-0.4440,0.0002,0.0000,0.0000,0.0000
-0.0001,-0.4462,0.0002,0.0000,0.0000,0.0000
-0.0001,-0.4477,0.0002,0.0000,0.0000,0.0000
-0.0001,-0.4485,0.0002,0.0000,0.0000,0.0000
-0.0001,-0.4487,0.0002,0.0000,0.0000,0.0000
-0.0001,-0.4482,0.0001,0.0000,0.0000,0.0000
-0.0001,-0.4470,0.0001,0.0000,0.0000,0.0000
-0.0001,-0.4451,0.0001,0.0000,0.0000,0.0000
-0.0001,-0.4426,0.0001,0.0000,0.0000,0.0000
-0.0001,-0.4394,0.0001,0.0000,0.0000,0.0000
-0.0002,-0.4356,0.0001,0.0000,0.0000,0.0000
-0.0002,-0.4311,0.0001,0.0000,0.0000,0.0000
-0.0002,-0.4259,0.0001,0.0000,0.0000,0.0000
-0.0002,-0.4202,0.0000,0.0000,0.0000,0.0000
-0.0002,-0.4138,0.0000,0.0000,0.0000,0.0000
-0.0002,-0.4067,0.0000,0.0000,0.0000,0.0000
-0.0002,-0.3991,-0.0000,0.0000,0.0000,0.0000
-0.0002,-0.3908,-0.0000,0.0000,0.0000,0.0000
-0.0002,-0.3820,-0.0000,0.0000,0.0000,0.0000
-0.0002,-0.3726,-0.0000,0.0000,0.0000,0.0000
-0.0002,-0.3627,-0.0001,0.0000,0.0000,0.0000
-0.0002,-0.3522,-0.0001,0.0000,0.0000,0.0000
-0.0002,-0.3411,-0.0001,0.0000,0.0000,0.0000
-0.0002,-0.3296,-0.0001,0.0000,0.0000,0.0000
-0.0002,-0.3175,-0.0001,0.0000,0.0000,0.0000
-0.0002,-0.3050,-0.0001,0.0000,0.0000,0.0000
-0.0002,-0.2921,-0.0001,0.0000,0.0000,0.0000
-0.0002,-0.2787,-0.0002,0.0000,0.0000,0.0000
-0.0003,-0.2648,-0.0002,0.0000,0.0000,0.0000
-0.0003,-0.2506,-0.0002,0.0000,0.0000,0.0000
-0.0003,-0.2360,-0.0002,0.0000,0.0000,0.0000
-0.0003,-0.2211,-0.0002,0.0000,0.0000,0.0000
-0.0003,-0.2058,-0.0002,0.0000,0.0000,0.0000
-0.0003,-0.1902,-0.0002,0.0000,0.0000,0.0000
-0.0003,-0.1743,-0.0002,0.0000,0.0000,0.0000
-0.0003,-0.1582,-0.0002,0.0000,0.0000,0.0000
-0.0003,-0.1418,-0.0003,0.0000,0.0000,0.0000
-0.0003,-0.1252,-0.0003,0.0000,0.0000,0.0000
-0.0003,-0.1084,-0.0003,0.0000,0.0000,0.0000
-0.0003,-0.0915,-0.0003,0.0000,0.0000,0.0000
-0.0003,-0.0744,-0.0003,0.0000,0.0000,0.0000
-0.0003,-0.0572,-0.0003,0.0000,0.0000,0.0000
-0.0003,-0.0399,-0.0003,0.0000,0.0000,0.0000
-0.0003,-0.0226,-0.0003,0.0000,0.0000,0.0000
-0.0003,-0.0052,-0.0003,0.0000,0.0000,0.0000
-0.0003,0.0121,-0.0003,0.0000,0.0000,0.0000
-0.0003,0.0295,-0.0003,0.0000,0.0000,0.0000
-0.0003,0.0468,-0.0004,0.0000,0.0000,0.0000
-0.0003,0.0641,-0.0004,0.0000,0.0000,0.0000
-0.0003,0.0812,-0.0004,0.0000,0.0000,0.0000
-0.0003,0.0982,-0.0004,0.0000,0.0000,0.0000
-0.0003,0.1151,-0.0004,0.0000,0.0000,0.0000
-0.0003,0.1318,-0.0004,0.0000,0.0000,0.0000
-0.0003,0.1483,-0.0004,0.0000,0.0000,0.0000
-0.0003,0.1646,-0.0004,0.0000,0.0000,0.0000
-0.0003,0.1806,-0.0004,0.0000,0.0000,0.0000
-0.0003,0.1964,-0.0004,0.0000,0.0000,0.0000
-0.0003,0.2119,-0.0004,0.0000,0.0000,0.0000
-0.0003,0.2270,-0.0004,0.0000,0.0000,0.0000
-0.0003,0.2419,-0.0004,0.0000,0.0000,0.0000
-0.0003,0.2563,-0.0004,0.0000,0.0000,0.0000
-0.0003,0.2704,-0.0004,0.0000,0.0000,0.0000
-0.0003,0.2840,-0.0004,0.0000,0.0000,0.0000
-0.0003,0.2973,-0.0004,0.0000,0.0000,0.0000
-0.0003,0.3101,-0.0004,0.0000,0.0000,0.0000
-0.0003,0.3224,-0.0004,0.0000,0.0000,0.0000
-0.0003,0.3342,-0.0004,0.0000,0.0000,0.0000
-0.0003,0.3456,-0.0004,0.0000,0.0000,0.0000
-0.0003,0.3564,-0.0004,0.0000,0.0000,0.0000
-0.0003,0.3667,-0.0004,0.0000,0.0000,0.0000
-0.0003,0.3764,-0.0004,0.0000,0.0000,0.0000
-0.0003,0.3856,-0.0004,0.0000,0.0000,0.0000
-0.0003,0.3942,-0.0004,0.0000,0.0000,0.0000
-0.0003,0.4022,-0.0004,0.0000,0.0000,0.0000
-0.0003,0.4096,-0.0004,0.0000,0.0000,0.0000
-0.0003,0.4164,-0.0004,0.0000,0.0000,0.0000
-0.0003,0.4225,-0.0003,0.0000,0.0000,0.0000
-0.0003,0.4281,-0.0003,0.0000,0.0000,0.0000
-0.0003,0.4330,-0.0003,0.0000,0.0000,0.0000
-0.0003,0.4372,-0.0003,0.0000,0.0000,0.0000
-0.0003,0.4408,-0.0003,0.0000,0.0000,0.0000
-0.0003,0.4437,-0.0003,0.0000,0.0000,0.0000
-0.0003,0.4459,-0.0003,0.0000,0.0000,0.0000
-0.0002,0.4475,-0.0003,0.0000,0.0000,0.0000
-0.0002,0.4484,-0.0003,0.0000,0.0000,0.0000
-0.0002,0.4487,-0.0003,0.0000,0.0000,0.0000
-0.0002,0.4483,-0.0003,0.0000,0.0000,0.0000
-0.0002,0.4472,-0.0003,0.0000,0.0000,0.0000
-0.0002,0.4454,-0.0002,0.0000,0.0000,0.0000
-0.0002,0.4429,-0.0002,0.0000,0.0000,0.0000
-0.0002,0.4398,-0.0002,0.0000,0.0000,0.0000
-0.0002,0.4361,-0.0002,0.0000,0.0000,0.0000
-0.0002,0.4316,-0.0002,0.0000,0.0000,0.0000
-0.0002,0.4266,-0.0002,0.0000,0.0000,0.0000
-0.0002,0.4209,-0.0002,0.0000,0.0000,0.0000
-0.0002,0.4145,-0.0002,0.0000,0.0000,0.0000
-0.0002,0.4076,-0.0001,0.0000,0.0000,0.0000
-0.0002,0.4000,-0.0001,0.0000,0.0000,0.0000
-0.0002,0.3918,-0.0001,0.0000,0.0000,0.0000
-0.0002,0.3831,-0.0001,0.0000,0.0000,0.0000
-0.0002,0.3737,-0.0001,0.0000,0.0000,0.0000
-0.0001,0.3638,-0.0001,0.0000,0.0000,0.0000
-0.0001,0.3534,-0.0001,0.0000,0.0000,0.0000
-0.0001,0.3424,-0.0000,0.0000,0.0000,0.0000
-0.0001,0.3309,-0.0000,0.0000,0.0000,0.0000
-0.0001,0.3190,-0.0000,0.0000,0.0000,0.0000
-0.0001,0.3065,-0.0000,0.0000,0.0000,0.0000
-0.0001,0.2936,0.0000,0.0000,0.0000,0.0000
-0.0001,0.2802,0.0000,0.0000,0.0000,0.0000
-0.0001,0.2665,0.0000,0.0000,0.0000,0.0000
-0.0001,0.2523,0.0000,0.0000,0.0000,0.0000
-0.0001,0.2377,0.0001,0.0000,0.0000,0.0000
-0.0001,0.2228,0.0001,0.0000,0.0000,0.0000
-0.0001,0.2076,0.0001,0.0000,0.0000,0.0000
-0.0001,0.1920,0.0001,0.0000,0.0000,0.0000
-0.0001,0.1762,0.0001,0.0000,0.0000,0.0000
-0.0000,0.1600,0.0001,0.0000,0.0000,0.0000
-0.0000,0.1437,0.0001,0.0000,0.0000,0.0000
-0.0000,0.1271,0.0002,0.0000,0.0000,0.0000
-0.0000,0.1104,0.0002,0.0000,0.0000,0.0000
-0.0000,0.0934,0.0002,0.0000,0.0000,0.0000
-0.0000,0.0764,0.0002,0.0000,0.0000,0.0000
-0.0000,0.0592,0.0002,0.0000,0.0000,0.0000
0.0000,0.0419,0.0002,0.0000,0.0000,0.0000
0.0000,0.0246,0.0002,0.0000,0.0000,0.0000
0.0000,0.0072,0.0002,0.0000,0.0000,0.0000
0.0000,-0.0101,0.0002,0.0000,0.0000,0.0000
0.0000,-0.0275,0.0003,0.0000,0.0000,0.0000
0.0000,-0.0448,0.0003,0.0000,0.0000,0.0000
0.0000,-0.0621,0.0003,0.0000,0.0000,0.0000
0.0001,-0.0792,0.0003,0.0000,0.0000,0.0000
0.0001,-0.0963,0.0003,0.0000,0.0000,0.0000
0.0001,-0.1132,0.0003,0.0000,0.0000,0.0000
0.0001,-0.1299,0.0003,0.0000,0.0000,0.0000
0.0001,-0.1464,0.0003,0.0000,0.0000,0.0000
0.0001,-0.1627,0.0003,0.0000,0.0000,0.0000
0.0001,-0.1788,0.0003,0.0000,0.0000,0.0000
0.0001,-0.1946,0.0003,0.0000,0.0000,0.0000
0.0001,-0.2101,0.0004,0.0000,0.0000,0.0000
0.0001,-0.2253,0.0004,0.0000,0.0000,0.0000
0.0001,-0.2402,0.0004,0.0000,0.0000,0.0000
0.0001,-0.2547,0.0004,0.0000,0.0000,0.0000
0.0001,-0.2688,0.0004,0.0000,0.0000,0.0000
0.0001,-0.2825,0.0004,0.0000,0.0000,0.0000
0.0002,-0.2958,0.0004,0.0000,0.0000,0.0000
0.0002,-0.3086,0.0004,0.0000,0.0000,0.0000
0.0002,-0.3210,0.0004,0.0000,0.0000,0.0000
0.0002,-0.3329,0.0004,0.0000,0.0000,0.0000
0.0002,-0.3443,0.0004,0.0000,0.0000,0.0000
0.0002,-0.3552,0.0004,0.0000,0.0000,0.0000
0.0002,-0.3655,0.0004,0.0000,0.0000,0.0000
0.0002,-0.3753,0.0004,0.0000,0.0000,0.0000
0.0002,-0.3846,0.0004,0.0000,0.0000,0.0000
0.0002,-0.3932,0.0004,0.0000,0.0000,0.0000
0.0002,-0.4013,0.0004,0.0000,0.0000,0.0000
0.0002,-0.4088,0.0004,0.0000,0.0000,0.0000
0.0002,-0.4156,0.0004,0.0000,0.0000,0.0000
0.0002,-0.4219,0.0004,0.0000,0.0000,0.0000
0.0002,-0.4275,0.0004,0.0000,0.0000,0.0000
0.0002,-0.4324,0.0004,0.0000,0.0000,0.0000
0.0002,-0.4367,0.0004,0.0000,0.0000,0.0000
0.0002,-0.4404,0.0004,0.0000,0.0000,0.0000
0.0002,-0.4434,0.0004,0.0000,0.0000,0.0000
0.0003,-0.4457,0.0004,0.0000,0.0000,0.0000
0.0003,-0.4474,0.0004,0.0000,0.0000,0.0000
0.0003,-0.4484,0.0004,0.0000,0.0000,0.0000
0.0003,-0.4487,0.0004,0.0000,0.0000,0.0000
0.0003,-0.4483,0.0003,0.0000,0.0000,0.0000
0.0003,-0.4473,0.0003,0.0000,0.0000,0.0000
0.0003,-0.4456,0.0003,0.0000,0.0000,0.0000
0.0003,-0.4433,0.0003,0.0000,0.0000,0.0000
0.0003,-0.4402,0.0003,0.0000,0.0000,0.0000
0.0003,-0.4365,0.0003,0.0000,0.0000,0.0000
0.0003,-0.4322,0.0003,0.0000,0.0000,0.0000
0.0003,-0.4272,0.0003,0.0000,0.0000,0.0000
0.0003,-0.4216,0.0003,0.0000,0.0000,0.0000
0.0003,-0.4153,0.0003,0.0000,0.0000,0.0000
0.0003,-0.4084,0.0003,0.0000,0.0000,0.0000
0.0003,-0.4009,0.0002,0.0000,0.0000,0.0000
0.0003,-0.3928,0.0002,0.0000,0.0000,0.0000
0.0003,-0.3841,0.0002,0.0000,0.0000,0.0000
0.0003,-0.3748,0.0002,0.0000,0.0000,0.0000
0.0003,-0.3650,0.0002,0.0000,0.0000,0.0000
0.0003,-0.3546,0.0002,0.0000,0.0000,0.0000
0.0003,-0.3437,0.0002,0.0000,0.0000,0.0000
0.0003,-0.3323,0.0002,0.0000,0.0000,0.0000
0.0003,-0.3204,0.0002,0.0000,0.0000,0.0000
0.0003,-0.3080,0.0001,0.0000,0.0000,0.0000
0.0003,-0.2951,0.0001,0.0000,0.0000,0.0000
0.0003,-0.2818,0.0001,0.0000,0.0000,0.0000
0.0003,-0.2681,0.0001,0.0000,0.0000,0.0000
0.0003,-0.2539,0.0001,0.0000,0.0000,0.0000
0.0003,-0.2394,0.0001,0.0000,0.0000,0.0000
0.0003,-0.2245,0.0001,0.0000,0.0000,0.0000
0.0003,-0.2093,0.0000,0.0000,0.0000,0.0000
0.0003,-0.1938,0.0000,0.0000,0.0000,0.0000
0.0003,-0.1780,0.0000,0.0000,0.0000,0.0000
0.0003,-0.1619,0.0000,0.0000,0.0000,0.0000
0.0003,-0.1456,-0.0000,0.0000,0.0000,0.0000
0.0003,-0.1290,-0.0000,0.0000,0.0000,0.0000
0.0003,-0.1123,-0.0000,0.0000,0.0000,0.0000
0.0003,-0.0954,-0.0001,0.0000,0.0000,0.0000
0.0003,-0.0784,-0.0001,0.0000,0.0000,0.0000
0.0003,-0.0612,-0.0001,0.0000,0.0000,0.0000
0.0003,-0.0439,-0.0001,0.0000,0.0000,0.0000
0.0003,-0.0266,-0.0001,0.0000,0.0000,0.0000
0.0003,-0.0093,-0.0001,0.0000,0.0000,0.0000
0.0003,0.0081,-0.0001,0.0000,0.0000,0.0000
0.0003,0.0255,-0.0001,0.0000,0.0000,0.0000
0.0003,0.0428,-0.0002,0.0000,0.0000,0.0000
0.0003,0.0601,-0.0002,0.0000,0.0000,0.0000
0.0003,0.0773,-0.0002,0.0000,0.0000,0.0000
0.0003,0.0943,-0.0002,0.0000,0.0000,0.0000
0.0003,0.1112,-0.0002,0.0000,0.0000,0.0000
0.0003,0.1280,-0.0002,0.0000,0.0000,0.0000
0.0003,0.1445,-0.0002,0.0000,0.0000,0.0000
0.0003,0.1609,-0.0002,0.0000,0.0000,0.0000
0.0003,0.1770,-0.0003,0.0000,0.0000,0.0000
0.0002,0.1928,-0.0003,0.0000,0.0000,0.0000
0.0002,0.2083,-0.0003,0.0000,0.0000,0.0000
0.0002,0.2236,-0.0003,0.0000,0.0000,0.0000
0.0002,0.2385,-0.0003,0.0000,0.0000,0.0000
0.0002,0.2530,-0.0003,0.0000,0.0000,0.0000
0.0002,0.2672,-0.0003,0.0000,0.0000,0.0000
0.0002,0.2809,-0.0003,0.0000,0.0000,0.0000
0.0002,0.2943,-0.0003,0.0000,0.0000,0.0000
0.0002,0.3072,-0.0003,0.0000,0.0000,0.0000
0.0002,0.3196,-0.0003,0.0000,0.0000,0.0000
0.0002,0.3315,-0.0004,0.0000,0.0000,0.0000
0.0002,0.3430,-0.0004,0.0000,0.0000,0.0000
0.0002,0.3539,-0.0004,0.0000,0.0000,0.0000
0.0002,0.3644,-0.0004,0.0000,0.0000,0.0000
0.0002,0.3742,-0.0004,0.0000,0.0000,0.0000
0.0002,0.3835,-0.0004,0.0000,0.0000,0.0000
0.0002,0.3923,-0.0004,0.0000,0.0000,0.0000
0.0002,0.4004,-0.0004,0.0000,0.0000,0.0000
0.0001,0.4079,-0.0004,0.0000,0.0000,0.0000
0.0001,0.4149,-0.0004,0.0000,0.0000,0.0000
0.0001,0.4212,-0.0004,0.0000,0.0000,0.0000
0.0001,0.4268,-0.0004,0.0000,0.0000,0.0000
0.0001,0.4319,-0.0004,0.0000,0.0000,0.0000
0.0001,0.4363,-0.0004,0.0000,0.0000,0.0000
0.0001,0.4400,-0.0004,0.0000,0.0000,0.0000
0.0001,0.4431,-0.0004,0.0000,0.0000,0.0000
0.0001,0.4455,-0.0004,0.0000,0.0000,0.0000
0.0001,0.4472,-0.0004,0.0000,0.0000,0.0000
0.0001,0.4483,-0.0004,0.0000,0.0000,0.0000
0.0001,0.4487,-0.0004,0.0000,0.0000,0.0000
0.0001,0.4484,-0.0004,0.0000,0.0000,0.0000
0.0001,0.4475,-0.0004,0.0000,0.0000,0.0000
0.0000,0.4458,-0.0004,0.0000,0.0000,0.0000
0.0000,0.4436,-0.0004,0.0000,0.0000,0.0000
0.0000,0.4406,-0.0004,0.0000,0.0000,0.0000
0.0000,0.4370,-0.0004,0.0000,0.0000,0.0000
0.0000,0.4327,-0.0004,0.0000,0.0000,0.0000
0.0000,0.4278,-0.0004,0.0000,0.0000,0.0000
0.0000,0.4222,-0.0004,0.0000,0.0000,0.0000
-0.0000,0.4160,-0.0004,0.0000,0.0000,0.0000
-0.0000,0.4092,-0.0003,0.0000,0.0000,0.0000
-0.0000,0.4018,-0.0003,0.0000,0.0000,0.0000
-0.0000,0.3938,-0.0003,0.0000,0.0000,0.0000
-0.0000,0.3851,-0.0003,0.0000,0.0000,0.0000
-0.0000,0.3759,-0.0003,0.0000,0.0000,0.0000
-0.0000,0.3662,-0.0003,0.0000,0.0000,0.0000
-0.0001,0.3559,-0.0003,0.0000,0.0000,0.0000
-0.0001,0.3450,-0.0003,0.0000,0.0000,0.0000
-0.0001,0.3336,-0.0003,0.0000,0.0000,0.0000
-0.0001,0.3218,-0.0003,0.0000,0.0000,0.0000
-0.0001,0.3094,-0.0003,0.0000,0.0000,0.0000
-0.0001,0.2966,-0.0002,0.0000,0.0000,0.0000
-0.0001,0.2834,-0.0002,0.0000,0.0000,0.0000
-0.0001,0.2697,-0.0002,0.0000,0.0000,0.0000
-0.0001,0.2556,-0.0002,0.0000,0.0000,0.0000
-0.0001,0.2411,-0.0002,0.0000,0.0000,0.0000
-0.0001,0.2263,-0.0002,0.0000,0.0000,0.0000
-0.0001,0.2111,-0.0002,0.0000,0.0000,0.0000
-0.0001,0.1956,-0.0002,0.0000,0.0000,0.0000
-0.0001,0.1798,-0.0001,0.0000,0.0000,0.0000
-0.0001,0.1638,-0.0001,0.0000,0.0000,0.0000
-0.0002,0.1475,-0.0001,0.0000,0.0000,0.0000
-0.0002,0.1310,-0.0001,0.0000,0.0000,0.0000
-0.0002,0.1143,-0.0001,0.0000,0.0000,0.0000
-0.0002,0.0974,-0.0001,0.0000,0.0000,0.0000
-0.0002,0.0803,-0.0001,0.0000,0.0000,0.0000
-0.0002,0.0632,-0.0001,0.0000,0.0000,0.0000
-0.0002,0.0459,-0.0000,0.0000,0.0000,0.0000
-0.0002,0.0286,-0.0000,0.0000,0.0000,0.0000
-0.0002,0.0113,-0.0000,0.0000,0.0000,0.0000
-0.0002,-0.0061,0.0000,0.0000,0.0000,0.0000
-0.0002,-0.0235,0.0000,0.0000,0.0000,0.0000
-0.0002,-0.0408,0.0000,0.0000,0.0000,0.0000
-0.0002,-0.0581,0.0000,0.0000,0.0000,0.0000
-0.0002,-0.0753,0.0001,0.0000,0.0000,0.0000
-0.0002,-0.0923,0.0001,0.0000,0.0000,0.0000
-0.0002,-0.1093,0.0001,0.0000,0.0000,0.0000
-0.0002,-0.1260,0.0001,0.0000,0.0000,0.0000
-0.0002,-0.1426,0.0001,0.0000,0.0000,0.0000
-0.0003,-0.1590,0.0001,0.0000,0.0000,0.0000
-0.0003,-0.1751,0.0001,0.0000,0.0000,0.0000
-0.0003,-0.1910,0.0001,0.0000,0.0000,0.0000
-0.0003,-0.2066,0.0002,0.0000,0.0000,0.0000
-0.0003,-0.2218,0.0002,0.0000,0.0000,0.0000
-0.0003,-0.2368,0.0002,0.0000,0.0000,0.0000
-0.0003,-0.2513,0.0002,0.0000,0.0000,0.0000
-0.0003,-0.2655,0.0002,0.0000,0.0000,0.0000
-0.0003,-0.2793,0.0002,0.0000,0.0000,0.0000
-0.0003,-0.2927,0.0002,0.0000,0.0000,0.0000
-0.0003,-0.3057,0.0002,0.0000,0.0000,0.0000
-0.0003,-0.3182,0.0003,0.0000,0.0000,0.0000
-0.0003,-0.3302,0.0003,0.0000,0.0000,0.0000
-0.0003,-0.3417,0.0003,0.0000,0.0000,0.0000
-0.0003,-0.3527,0.0003,0.0000,0.0000,0.0000
-0.0003,-0.3632,0.0003,0.0000,0.0000,0.0000
-0.0003,-0.3731,0.0003,0.0000,0.0000,0.0000
-0.0003,-0.3825,0.0003,0.0000,0.0000,0.0000
-0.0003,-0.3913,0.0003,0.0000,0.0000,0.0000
-0.0003,-0.3995,0.0003,0.0000,0.0000,0.0000
-0.0003,-0.4071,0.0003,0.0000,0.0000,0.0000
-0.0003,-0.4141,0.0003,0.0000,0.0000,0.0000
-0.0003,-0.4205,0.0004,0.0000,0.0000,0.0000
-0.0003,-0.4262,0.0004,0.0000,0.0000,0.0000
-0.0003,-0.4313,0.0004,0.0000,0.0000,0.0000
-0.0003,-0.4358,0.0004,0.0000,0.0000,0.0000
-0.0003,-0.4396,0.0004,0.0000,0.0000,0.0000
-0.0003,-0.4428,0.0004,0.0000,0.0000,0.0000
-0.0003,-0.4452,0.0004,0.0000,0.0000,0.0000
-0.0003,-0.4471,0.0004,0.0000,0.0000,0.0000
-0.0003,-0.4482,0.0004,0.0000,0.0000,0.0000
-0.0003,-0.4487,0.0004,0.0000,0.0000,0.0000
-0.0003,-0.4485,0.0004,0.0000,0.0000,0.0000
-0.0003,-0.4476,0.0004,0.0000,0.0000,0.0000
-0.0003,-0.4461,0.0004,0.0000,0.0000,0.0000
-0.0003,-0.4439,0.0004,0.0000,0.0000,0.0000
-0.0003,-0.4410,0.0004,0.0000,0.0000,0.0000
-0.0003,-0.4374,0.0004,0.0000,0.0000,0.0000
-0.0003,-0.4332,0.0004,0.0000,0.0000,0.0000
-0.0003,-0.4284,0.0004,0.0000,0.0000,0.0000
-0.0003,-0.4229,0.0004,0.0000,0.0000,0.0000
-0.0003,-0.4168,0.0004,0.0000,0.0000,0.0000
-0.0003,-0.4101,0.0004,0.0000,0.0000,0.0000
-0.0003,-0.4027,0.0004,0.0000,0.0000,0.0000
-0.0003,-0.3947,0.0004,0.0000,0.0000,0.0000
-0.0003,-0.3862,0.0004,0.0000,0.0000,0.0000
-0.0003,-0.3770,0.0004,0.0000,0.0000,0.0000
-0.0003,-0.3673,0.0004,0.0000,0.0000,0.0000
-0.0003,-0.3571,0.0004,0.0000,0.0000,0.0000
-0.0003,-0.3463,0.0004,0.0000,0.0000,0.0000
-0.0003,-0.3350,0.0004,0.0000,0.0000,0.0000
-0.0003,-0.3232,0.0003,0.0000,0.0000,0.0000
-0.0003,-0.3109,0.0003,0.0000,0.0000,0.0000
-0.0003,-0.2981,0.0003,0.0000,0.0000,0.0000
-0.0003,-0.2849,0.0003,0.0000,0.0000,0.0000
-0.0002,-0.2713,0.0003,0.0000,0.0000,0.0000
-0.0002,-0.2572,0.0003,0.0000,0.0000,0.0000
-0.0002,-0.2428,0.0003,0.0000,0.0000,0.0000
-0.0002,-0.2280,0.0003,0.0000,0.0000,0.0000
-0.0002,-0.2129,0.0003,0.0000,0.0000,0.0000
-0.0002,-0.1974,0.0003,0.0000,0.0000,0.0000
-0.0002,-0.1817,0.0003,0.0000,0.0000,0.0000
-0.0002,-0.1657,0.0003,0.0000,0.0000,0.0000
-0.0002,-0.1494,0.0002,0.0000,0.0000,0.0000
-0.0002,-0.1329,0.0002,0.0000,0.0000,0.0000
-0.0002,-0.1162,0.0002,0.0000,0.0000,0.0000
-0.0002,-0.0993,0.0002,0.0000,0.0000,0.0000
-0.0002,-0.0823,0.0002,0.0000,0.0000,0.0000
-0.0002,-0.0652,0.0002,0.0000,0.0000,0.0000
-0.0002,-0.0479,0.0002,0.0000,0.0000,0.0000
-0.0002,-0.0306,0.0002,0.0000,0.0000,0.0000
-0.0002,-0.0133,0.0001,0.0000,0.0000,0.0000
-0.0002,0.0041,0.0001,0.0000,0.0000,0.0000
-0.0001,0.0215,0.0001,0.0000,0.0000,0.0000
-0.0001,0.0388,0.0001,0.0000,0.0000,0.0000
-0.0001,0.0561,0.0001,0.0000,0.0000,0.0000
-0.0001,0.0733,0.0001,0.0000,0.0000,0.0000
-0.0001,0.0904,0.0001,0.0000,0.0000,0.0000
-0.0001,0.1073,0.0000,0.0000,0.0000,0.0000
-0.0001,0.1241,0.0000,0.0000,0.0000,0.0000
-0.0001,0.1407,0.0000,0.0000,0.0000,0.0000
-0.0001,0.1571,0.0000,0.0000,0.0000,0.0000
-0.0001,0.1733,-0.0000,0.0000,0.0000,0.0000
-0.0001,0.1892,-0.0000,0.0000,0.0000,0.0000
-0.0001,0.2048,-0.0000,0.0000,0.0000,0.0000
-0.0001,0.2201,-0.0000,0.0000,0.0000,0.0000
-0.0001,0.2351,-0.0001,0.0000,0.0000,0.0000
-0.0001,0.2497,-0.0001,0.0000,0.0000,0.0000
-0.0000,0.2639,-0.0001,0.0000,0.0000,0.0000
-0.0000,0.2778,-0.0001,0.0000,0.0000,0.0000
-0.0000,0.2912,-0.0001,0.0000,0.0000,0.0000
-0.0000,0.3042,-0.0001,0.0000,0.0000,0.0000
-0.0000,0.3168,-0.0001,0.0000,0.0000,0.0000
-0.0000,0.3288,-0.0002,0.0000,0.0000,0.0000
-0.0000,0.3404,-0.0002,0.0000,0.0000,0.0000
0.0000,0.3515,-0.0002,0.0000,0.0000,0.0000
0.0000,0.3620,-0.0002,0.0000,0.0000,0.0000
0.0000,0.3720,-0.0002,0.0000,0.0000,0.0000
0.0000,0.3814,-0.0002,0.0000,0.0000,0.0000
0.0000,0.3903,-0.0002,0.0000,0.0000,0.0000
0.0000,0.3986,-0.0002,0.0000,0.0000,0.0000
0.0000,0.4062,-0.0002,0.0000,0.0000,0.0000
0.0001,0.4133,-0.0003,0.0000,0.0000,0.0000
0.0001,0.4198,-0.0003,0.0000,0.0000,0.0000
0.0001,0.4256,-0.0003,0.0000,0.0000,0.0000
0.0001,0.4308,-0.0003,0.0000,0.0000,0.0000
0.0001,0.4353,-0.0003,0.0000,0.0000,0.0000
0.0001,0.4392,-0.0003,0.0000,0.0000,0.0000
0.0001,0.4424,-0.0003,0.0000,0.0000,0.0000
0.0001,0.4450,-0.0003,0.0000,0.0000,0.0000
0.0001,0.4469,-0.0003,0.0000,0.0000,0.0000
0.0001,0.4481,-0.0003,0.0000,0.0000,0.0000
0.0001,0.4487,-0.0003,0.0000,0.0000,0.0000
0.0001,0.4485,-0.0004,0.0000,0.0000,0.0000
0.0001,0.4477,-0.0004,0.0000,0.0000,0.0000
0.0001,0.4463,-0.0004,0.0000,0.0000,0.0000
0.0002,0.4441,-0.0004,0.0000,0.0000,0.0000
0.0002,0.4413,-0.0004,0.0000,0.0000,0.0000
