-0.5282,-0.2336,-0.8990,-0.0872,-0.0672,-0.0155,0.0021
-0.5274,-0.2325,-0.8975,-0.0870,-0.0671,-0.0155,0.0021
-0.5256,-0.2311,-0.8945,-0.0862,-0.0668,-0.0153,0.0021
-0.5233,-0.2291,-0.8904,-0.0858,-0.0665,-0.0153,0.0021
-0.5199,-0.2269,-0.8849,-0.0848,-0.0660,-0.0151,0.0020
-0.5162,-0.2238,-0.8782,-0.0838,-0.0655,-0.0149,0.0020
-0.5114,-0.2209,-0.8701,-0.0825,-0.0647,-0.0146,0.0019
-0.5061,-0.2171,-0.8607,-0.0811,-0.0641,-0.0143,0.0020
-0.5000,-0.2135,-0.8499,-0.0797,-0.0634,-0.0141,0.0021
-0.4932,-0.2094,-0.8382,-0.0781,-0.0625,-0.0138,0.0021
-0.4852,-0.2050,-0.8250,-0.0761,-0.0612,-0.0134,0.0018
-0.4771,-0.2005,-0.8106,-0.0742,-0.0603,-0.0130,0.0019
-0.4680,-0.1952,-0.7949,-0.0722,-0.0591,-0.0126,0.0019
-0.4583,-0.1900,-0.7783,-0.0702,-0.0578,-0.0122,0.0019
-0.4476,-0.1844,-0.7602,-0.0677,-0.0563,-0.0117,0.0017
-0.4365,-0.1788,-0.7411,-0.0652,-0.0548,-0.0112,0.0017
-0.4247,-0.1727,-0.7208,-0.0632,-0.0533,-0.0109,0.0016
-0.4123,-0.1672,-0.6994,-0.0605,-0.0517,-0.0104,0.0016
-0.4012,-0.1620,-0.6803,-0.0582,-0.0503,-0.0099,0.0016
-0.3854,-0.1542,-0.6534,-0.0553,-0.0482,-0.0094,0.0015
-0.3711,-0.1476,-0.6288,-0.0525,-0.0464,-0.0088,0.0015
-0.3561,-0.1403,-0.6033,-0.0502,-0.0444,-0.0085,0.0013
-0.3407,-0.1329,-0.5770,-0.0474,-0.0424,-0.0080,0.0013
-0.3246,-0.1260,-0.5495,-0.0445,-0.0404,-0.0074,0.0012
-0.3082,-0.1191,-0.5214,-0.0418,-0.0384,-0.0069,0.0012
-0.2912,-0.1113,-0.4925,-0.0391,-0.0361,-0.0065,0.0011
-0.2736,-0.1040,-0.4626,-0.0363,-0.0339,-0.0060,0.0010
-0.2557,-0.0969,-0.4321,-0.0334,-0.0317,-0.0055,0.0010
-0.2372,-0.0896,-0.4008,-0.0306,-0.0293,-0.0050,0.0009
-0.2184,-0.0821,-0.3689,-0.0280,-0.0270,-0.0045,0.0008
-0.1993,-0.0742,-0.3365,-0.0255,-0.0246,-0.0042,0.0008
-0.1797,-0.0672,-0.3034,-0.0226,-0.0222,-0.0036,0.0007
-0.1598,-0.0599,-0.2698,-0.0200,-0.0198,-0.0032,0.0006
-0.1398,-0.0520,-0.2360,-0.0174,-0.0172,-0.0028,0.0005
-0.1194,-0.0445,-0.2016,-0.0148,-0.0147,-0.0024,0.0004
-0.0990,-0.0370,-0.1669,-0.0121,-0.0122,-0.0019,0.0004
-0.0782,-0.0295,-0.1319,-0.0096,-0.0097,-0.0015,0.0003
-0.0573,-0.0219,-0.0968,-0.0070,-0.0071,-0.0011,0.0002
-0.0366,-0.0142,-0.0617,-0.0045,-0.0045,-0.0007,0.0001
-0.0154,-0.0063,-0.0260,-0.0019,-0.0019,-0.0003,0.0001
0.0056,0.0015,0.0094,0.0006,0.0007,0.0001,-0.0000
0.0267,0.0093,0.0449,0.0031,0.0033,0.0005,-0.0001
0.0476,0.0171,0.0802,0.0056,0.0058,0.0009,-0.0002
0.0684,0.0249,0.1153,0.0081,0.0084,0.0012,-0.0003
0.0893,0.0326,0.1505,0.0107,0.0110,0.0016,-0.0003
0.1100,0.0404,0.1854,0.0132,0.0135,0.0020,-0.0004
0.1305,0.0481,0.2199,0.0156,0.0160,0.0024,-0.0005
0.1508,0.0556,0.2542,0.0181,0.0185,0.0028,-0.0006
0.1708,0.0631,0.2879,0.0205,0.0210,0.0032,-0.0006
0.1907,0.0706,0.3214,0.0230,0.0234,0.0036,-0.0007
0.2102,0.0779,0.3543,0.0254,0.0258,0.0040,-0.0008
0.2294,0.0852,0.3867,0.0277,0.0282,0.0043,-0.0009
0.2482,0.0923,0.4185,0.0301,0.0306,0.0047,-0.0009
0.2644,0.0984,0.4458,0.0321,0.0325,0.0050,-0.0010
0.2847,0.1062,0.4801,0.0347,0.0350,0.0055,-0.0011
0.3024,0.1129,0.5099,0.0369,0.0372,0.0058,-0.0012
0.3195,0.1195,0.5388,0.0390,0.0394,0.0062,-0.0012
0.3362,0.1258,0.5670,0.0412,0.0414,0.0065,-0.0013
0.3524,0.1320,0.5943,0.0432,0.0434,0.0068,-0.0013
0.3680,0.1380,0.6207,0.0452,0.0453,0.0072,-0.0014
0.3831,0.1438,0.6462,0.0472,0.0472,0.0075,-0.0015
0.3976,0.1494,0.6707,0.0490,0.0490,0.0078,-0.0015
0.4115,0.1548,0.6942,0.0509,0.0507,0.0081,-0.0016
0.4240,0.1597,0.7153,0.0525,0.0523,0.0083,-0.0016
0.4375,0.1649,0.7381,0.0543,0.0539,0.0086,-0.0016
0.4495,0.1696,0.7583,0.0558,0.0554,0.0089,-0.0017
0.4608,0.1740,0.7775,0.0573,0.0568,0.0091,-0.0018
0.4714,0.1781,0.7954,0.0587,0.0582,0.0094,-0.0018
0.4813,0.1820,0.8121,0.0601,0.0594,0.0096,-0.0018
0.4905,0.1857,0.8277,0.0613,0.0605,0.0098,-0.0019
0.4990,0.1891,0.8421,0.0625,0.0616,0.0100,-0.0019
0.5067,0.1922,0.8551,0.0636,0.0625,0.0102,-0.0019
0.5136,0.1951,0.8668,0.0646,0.0634,0.0103,-0.0020
0.5196,0.1976,0.8770,0.0655,0.0642,0.0105,-0.0020
0.5251,0.2001,0.8863,0.0664,0.0649,0.0106,-0.0020
0.5296,0.2021,0.8940,0.0672,0.0655,0.0108,-0.0020
0.5332,0.2038,0.9002,0.0678,0.0659,0.0109,-0.0020
0.5363,0.2054,0.9055,0.0685,0.0663,0.0110,-0.0020
0.5383,0.2066,0.9090,0.0690,0.0666,0.0112,-0.0021
0.5396,0.2077,0.9114,0.0696,0.0668,0.0113,-0.0021
0.5400,0.2085,0.9122,0.0698,0.0669,0.0113,-0.0021
0.5396,0.2091,0.9117,0.0701,0.0668,0.0114,-0.0020
0.5385,0.2091,0.9098,0.0703,0.0667,0.0115,-0.0020
0.5366,0.2091,0.9067,0.0705,0.0665,0.0115,-0.0021
0.5338,0.2087,0.9021,0.0704,0.0662,0.0116,-0.0021
0.5299,0.2084,0.8958,0.0705,0.0658,0.0116,-0.0020
0.5255,0.2076,0.8885,0.0705,0.0653,0.0116,-0.0020
0.5202,0.2060,0.8797,0.0704,0.0647,0.0117,-0.0021
0.5140,0.2048,0.8696,0.0700,0.0639,0.0116,-0.0019
0.5073,0.2030,0.8583,0.0696,0.0632,0.0116,-0.0020
0.4996,0.2008,0.8456,0.0691,0.0623,0.0115,-0.0019
0.4913,0.1983,0.8317,0.0687,0.0613,0.0115,-0.0019
0.4822,0.1956,0.8166,0.0679,0.0602,0.0114,-0.0019
0.4724,0.1925,0.8002,0.0670,0.0590,0.0113,-0.0018
0.4621,0.1888,0.7828,0.0660,0.0579,0.0112,-0.0018
0.4507,0.1853,0.7639,0.0650,0.0565,0.0110,-0.0018
0.4389,0.1813,0.7441,0.0637,0.0550,0.0108,-0.0017
0.4265,0.1768,0.7232,0.0625,0.0536,0.0107,-0.0017
0.4133,0.1724,0.7012,0.0612,0.0519,0.0105,-0.0016
0.3997,0.1676,0.6782,0.0596,0.0503,0.0102,-0.0016
0.3854,0.1617,0.6541,0.0578,0.0485,0.0100,-0.0015
0.3706,0.1562,0.6291,0.0560,0.0467,0.0096,-0.0015
0.3552,0.1499,0.6033,0.0541,0.0447,0.0094,-0.0013
0.3394,0.1437,0.5765,0.0520,0.0428,0.0090,-0.0013
0.3232,0.1369,0.5490,0.0497,0.0408,0.0086,-0.0013
0.3065,0.1301,0.5207,0.0473,0.0387,0.0082,-0.0012
0.2893,0.1229,0.4916,0.0448,0.0365,0.0078,-0.0011
0.2717,0.1155,0.4618,0.0423,0.0343,0.0074,-0.0011
0.2538,0.1079,0.4313,0.0396,0.0321,0.0069,-0.0010
0.2355,0.1002,0.4003,0.0367,0.0298,0.0064,-0.0009
0.2169,0.0924,0.3686,0.0339,0.0274,0.0059,-0.0009
0.1979,0.0844,0.3364,0.0309,0.0250,0.0054,-0.0008
0.1786,0.0763,0.3036,0.0279,0.0226,0.0049,-0.0007
0.1591,0.0680,0.2704,0.0249,0.0201,0.0044,-0.0006
0.1393,0.0597,0.2368,0.0219,0.0176,0.0038,-0.0006
0.1193,0.0513,0.2029,0.0188,0.0151,0.0033,-0.0005
0.0992,0.0428,0.1686,0.0157,0.0125,0.0028,-0.0004
0.0789,0.0342,0.1341,0.0125,0.0100,0.0022,-0.0003
0.0584,0.0256,0.0994,0.0094,0.0074,0.0017,-0.0002
0.0379,0.0169,0.0645,0.0062,0.0048,0.0011,-0.0002
0.0174,0.0083,0.0296,0.0030,0.0022,0.0006,-0.0001
-0.0032,-0.0004,-0.0054,-0.0002,-0.0004,0.0000,0.0000
-0.0238,-0.0091,-0.0404,-0.0034,-0.0030,-0.0005,0.0001
-0.0444,-0.0177,-0.0753,-0.0065,-0.0056,-0.0011,0.0002
-0.0649,-0.0264,-0.1102,-0.0097,-0.0082,-0.0016,0.0003
-0.0853,-0.0350,-0.1448,-0.0129,-0.0107,-0.0022,0.0003
-0.1056,-0.0435,-0.1793,-0.0160,-0.0133,-0.0027,0.0004
-0.1257,-0.0519,-0.2135,-0.0191,-0.0158,-0.0033,0.0005
-0.1456,-0.0603,-0.2473,-0.0221,-0.0183,-0.0038,0.0006
-0.1654,-0.0685,-0.2808,-0.0252,-0.0208,-0.0043,0.0007
-0.1849,-0.0767,-0.3139,-0.0281,-0.0233,-0.0048,0.0007
-0.2041,-0.0846,-0.3466,-0.0310,-0.0257,-0.0053,0.0008
-0.2230,-0.0925,-0.3787,-0.0339,-0.0281,-0.0058,0.0009
-0.2416,-0.1002,-0.4103,-0.0367,-0.0304,-0.0063,0.0010
-0.2598,-0.1076,-0.4412,-0.0394,-0.0327,-0.0068,0.0010
-0.2777,-0.1150,-0.4715,-0.0421,-0.0350,-0.0072,0.0011
-0.2952,-0.1221,-0.5011,-0.0446,-0.0371,-0.0076,0.0011
-0.3123,-0.1291,-0.5301,-0.0471,-0.0393,-0.0081,0.0012
-0.3289,-0.1358,-0.5582,-0.0494,-0.0414,-0.0084,0.0013
-0.3450,-0.1420,-0.5855,-0.0517,-0.0433,-0.0089,0.0013
-0.3606,-0.1482,-0.6119,-0.0538,-0.0453,-0.0092,0.0014
-0.3758,-0.1540,-0.6376,-0.0559,-0.0472,-0.0096,0.0015
-0.3903,-0.1595,-0.6621,-0.0579,-0.0490,-0.0099,0.0015
-0.4042,-0.1649,-0.6856,-0.0597,-0.0507,-0.0102,0.0016
-0.4177,-0.1700,-0.7083,-0.0614,-0.0524,-0.0105,0.0017
-0.4304,-0.1748,-0.7299,-0.0631,-0.0539,-0.0107,0.0017
-0.4426,-0.1795,-0.7503,-0.0645,-0.0555,-0.0109,0.0018
-0.4541,-0.1836,-0.7697,-0.0658,-0.0569,-0.0111,0.0018
-0.4649,-0.1873,-0.7880,-0.0672,-0.0582,-0.0114,0.0018
-0.4751,-0.1910,-0.8050,-0.0681,-0.0595,-0.0115,0.0019
-0.4846,-0.1940,-0.8210,-0.0691,-0.0606,-0.0116,0.0019
-0.4934,-0.1966,-0.8357,-0.0700,-0.0616,-0.0118,0.0019
-0.5016,-0.1987,-0.8493,-0.0708,-0.0627,-0.0119,0.0020
-0.5090,-0.2006,-0.8615,-0.0713,-0.0635,-0.0119,0.0021
-0.5155,-0.2022,-0.8725,-0.0714,-0.0642,-0.0118,0.0020
-0.5215,-0.2029,-0.8824,-0.0716,-0.0649,-0.0119,0.0020
-0.5266,-0.2036,-0.8909,-0.0715,-0.0654,-0.0117,0.0019
-0.5313,-0.2036,-0.8982,-0.0713,-0.0660,-0.0117,0.0021
-0.5348,-0.2035,-0.9040,-0.0709,-0.0663,-0.0116,0.0020
-0.5377,-0.2035,-0.9086,-0.0702,-0.0666,-0.0113,0.0020
-0.5399,-0.2021,-0.9117,-0.0696,-0.0668,-0.0112,0.0021
-0.5413,-0.2008,-0.9138,-0.0690,-0.0668,-0.0111,0.0021
-0.5419,-0.1986,-0.9143,-0.0677,-0.0669,-0.0107,0.0022
-0.5417,-0.1965,-0.9135,-0.0670,-0.0668,-0.0106,0.0022
-0.5404,-0.1950,-0.9113,-0.0657,-0.0664,-0.0103,0.0020
-0.5387,-0.1912,-0.9079,-0.0644,-0.0660,-0.0101,0.0020
-0.5359,-0.1891,-0.9029,-0.0627,-0.0656,-0.0096,0.0020
-0.5324,-0.1859,-0.8966,-0.0610,-0.0651,-0.0092,0.0020
-0.5282,-0.1819,-0.8891,-0.0595,-0.0645,-0.0089,0.0020
-0.5230,-0.1785,-0.8802,-0.0579,-0.0637,-0.0085,0.0019
-0.5172,-0.1734,-0.8700,-0.0565,-0.0629,-0.0083,0.0019
-0.5107,-0.1691,-0.8585,-0.0540,-0.0620,-0.0078,0.0019
-0.5035,-0.1637,-0.8458,-0.0522,-0.0612,-0.0074,0.0020
-0.4950,-0.1582,-0.8314,-0.0500,-0.0600,-0.0070,0.0019
-0.4865,-0.1532,-0.8172,-0.0480,-0.0586,-0.0066,0.0016
-0.4765,-0.1486,-0.7997,-0.0456,-0.0573,-0.0062,0.0017
-0.4660,-0.1435,-0.7816,-0.0437,-0.0561,-0.0058,0.0017
-0.4548,-0.1381,-0.7625,-0.0412,-0.0546,-0.0053,0.0017
-0.4430,-0.1302,-0.7421,-0.0397,-0.0533,-0.0051,0.0019
-0.4305,-0.1254,-0.7211,-0.0367,-0.0515,-0.0044,0.0016
-0.4170,-0.1199,-0.6981,-0.0344,-0.0498,-0.0040,0.0016
-0.4030,-0.1142,-0.6747,-0.0323,-0.0479,-0.0036,0.0014
-0.3884,-0.1073,-0.6500,-0.0302,-0.0461,-0.0033,0.0014
-0.3736,-0.1007,-0.6248,-0.0280,-0.0444,-0.0029,0.0015
-0.3573,-0.0956,-0.5973,-0.0258,-0.0423,-0.0027,0.0014
-0.3409,-0.0900,-0.5698,-0.0243,-0.0403,-0.0024,0.0012
-0.3237,-0.0843,-0.5410,-0.0221,-0.0381,-0.0021,0.0011
-0.3064,-0.0788,-0.5117,-0.0200,-0.0362,-0.0017,0.0012
-0.2883,-0.0715,-0.4813,-0.0186,-0.0339,-0.0017,0.0011
-0.2705,-0.0677,-0.4517,-0.0166,-0.0318,-0.0012,0.0009
-0.2508,-0.0613,-0.4185,-0.0146,-0.0294,-0.0010,0.0009
-0.2313,-0.0569,-0.3858,-0.0132,-0.0272,-0.0008,0.0009
-0.2115,-0.0503,-0.3531,-0.0113,-0.0246,-0.0006,0.0006
-0.1913,-0.0451,-0.3190,-0.0099,-0.0223,-0.0004,0.0006
-0.1710,-0.0393,-0.2850,-0.0091,-0.0200,-0.0005,0.0006
-0.1502,-0.0353,-0.2502,-0.0075,-0.0176,-0.0002,0.0006
-0.1291,-0.0296,-0.2151,-0.0066,-0.0151,-0.0003,0.0005
-0.1078,-0.0250,-0.1793,-0.0051,-0.0126,-0.0001,0.0004
-0.0863,-0.0193,-0.1437,-0.0042,-0.0101,-0.0001,0.0003
-0.0648,-0.0144,-0.1077,-0.0033,-0.0076,-0.0001,0.0003
-0.0430,-0.0091,-0.0715,-0.0023,-0.0050,-0.0001,0.0001
-0.0211,-0.0042,-0.0351,-0.0014,-0.0024,-0.0001,0.0000
0.0008,0.0012,0.0012,-0.0008,0.0001,-0.0001,-0.0000
0.0226,0.0062,0.0375,0.0001,0.0026,-0.0001,-0.0001
0.0430,0.0115,0.0716,0.0007,0.0049,-0.0002,-0.0001
0.0662,0.0167,0.1101,0.0016,0.0076,-0.0002,-0.0002
0.0879,0.0220,0.1461,0.0024,0.0101,-0.0002,-0.0003
0.1094,0.0273,0.1820,0.0032,0.0126,-0.0002,-0.0004
0.1308,0.0326,0.2175,0.0039,0.0151,-0.0002,-0.0005
0.1499,0.0373,0.2492,0.0046,0.0173,-0.0002,-0.0005
0.1729,0.0430,0.2875,0.0054,0.0200,-0.0003,-0.0006
0.1936,0.0481,0.3219,0.0061,0.0224,-0.0003,-0.0007
0.2140,0.0531,0.3559,0.0069,0.0248,-0.0003,-0.0007
0.2341,0.0581,0.3893,0.0076,0.0271,-0.0003,-0.0008
0.2538,0.0630,0.4221,0.0083,0.0294,-0.0004,-0.0009
0.2732,0.0678,0.4542,0.0090,0.0316,-0.0004,-0.0009
0.2921,0.0725,0.4857,0.0097,0.0338,-0.0004,-0.0010
0.3106,0.0771,0.5165,0.0103,0.0359,-0.0004,-0.0011
0.3286,0.0816,0.5465,0.0110,0.0380,-0.0004,-0.0011
0.3459,0.0859,0.5752,0.0117,0.0400,-0.0004,-0.0012
0.3632,0.0903,0.6039,0.0123,0.0420,-0.0005,-0.0012
0.3796,0.0943,0.6313,0.0130,0.0439,-0.0005,-0.0013
0.3955,0.0984,0.6577,0.0136,0.0458,-0.0005,-0.0014
0.4108,0.1023,0.6832,0.0142,0.0476,-0.0005,-0.0014
0.4255,0.1061,0.7075,0.0149,0.0493,-0.0004,-0.0014
0.4395,0.1097,0.7309,0.0155,0.0509,-0.0005,-0.0015
0.4529,0.1132,0.7531,0.0161,0.0525,-0.0004,-0.0015
0.4655,0.1167,0.7742,0.0167,0.0539,-0.0004,-0.0016
0.4775,0.1199,0.7941,0.0174,0.0553,-0.0004,-0.0016
0.4887,0.1230,0.8128,0.0180,0.0567,-0.0003,-0.0017
0.4992,0.1261,0.8302,0.0186,0.0579,-0.0003,-0.0017
0.5089,0.1289,0.8465,0.0193,0.0590,-0.0002,-0.0017
0.5179,0.1317,0.8614,0.0199,0.0601,-0.0002,-0.0018
0.5260,0.1342,0.8750,0.0207,0.0611,-0.0000,-0.0018
0.5334,0.1367,0.8873,0.0213,0.0620,0.0000,-0.0018
0.5399,0.1392,0.8982,0.0218,0.0628,0.0001,-0.0018
0.5456,0.1413,0.9078,0.0228,0.0634,0.0003,-0.0019
0.5505,0.1436,0.9160,0.0235,0.0641,0.0004,-0.0019
0.5544,0.1457,0.9225,0.0241,0.0646,0.0005,-0.0019
0.5576,0.1475,0.9280,0.0249,0.0650,0.0006,-0.0019
0.5600,0.1491,0.9320,0.0255,0.0653,0.0007,-0.0019
0.5614,0.1505,0.9346,0.0264,0.0655,0.0010,-0.0019
0.5620,0.1518,0.9357,0.0272,0.0656,0.0011,-0.0019
0.5618,0.1525,0.9354,0.0275,0.0657,0.0012,-0.0020
0.5607,0.1532,0.9338,0.0285,0.0656,0.0014,-0.0020
0.5587,0.1538,0.9307,0.0290,0.0653,0.0016,-0.0019
0.5559,0.1546,0.9262,0.0296,0.0651,0.0017,-0.0019
0.5523,0.1550,0.9201,0.0301,0.0648,0.0019,-0.0020
0.5478,0.1549,0.9129,0.0306,0.0643,0.0021,-0.0019
0.5426,0.1549,0.9043,0.0312,0.0638,0.0022,-0.0020
0.5365,0.1545,0.8941,0.0317,0.0632,0.0024,-0.0020
0.5295,0.1541,0.8828,0.0322,0.0624,0.0025,-0.0019
0.5216,0.1532,0.8700,0.0326,0.0615,0.0027,-0.0018
0.5131,0.1523,0.8559,0.0327,0.0606,0.0028,-0.0018
0.5038,0.1511,0.8408,0.0333,0.0595,0.0030,-0.0017
0.4939,0.1492,0.8240,0.0335,0.0586,0.0032,-0.0018
0.4829,0.1476,0.8063,0.0338,0.0572,0.0034,-0.0016
0.4715,0.1456,0.7874,0.0339,0.0560,0.0034,-0.0016
0.4593,0.1431,0.7672,0.0338,0.0546,0.0036,-0.0016
0.4464,0.1400,0.7458,0.0336,0.0531,0.0036,-0.0016
0.4329,0.1373,0.7234,0.0336,0.0516,0.0037,-0.0015
0.4187,0.1335,0.7000,0.0335,0.0500,0.0039,-0.0015
0.4040,0.1303,0.6755,0.0330,0.0483,0.0039,-0.0014
0.3885,0.1263,0.6500,0.0324,0.0464,0.0039,-0.0013
0.3727,0.1222,0.6235,0.0318,0.0447,0.0038,-0.0014
0.3563,0.1170,0.5963,0.0310,0.0427,0.0039,-0.0013
0.3395,0.1120,0.5683,0.0303,0.0408,0.0038,-0.0013
0.3220,0.1074,0.5392,0.0292,0.0387,0.0037,-0.0012
0.3042,0.1016,0.5096,0.0283,0.0366,0.0037,-0.0011
0.2860,0.0961,0.4792,0.0271,0.0345,0.0036,-0.0011
0.2673,0.0905,0.4481,0.0258,0.0322,0.0034,-0.0009
0.2484,0.0839,0.4163,0.0243,0.0300,0.0033,-0.0010
0.2289,0.0778,0.3838,0.0228,0.0277,0.0031,-0.0009
0.2094,0.0707,0.3511,0.0210,0.0254,0.0028,-0.0008
0.1894,0.0640,0.3177,0.0194,0.0229,0.0027,-0.0007
0.1693,0.0571,0.2839,0.0175,0.0205,0.0024,-0.0006
0.1489,0.0498,0.2497,0.0156,0.0181,0.0021,-0.0006
0.1282,0.0427,0.2152,0.0137,0.0155,0.0019,-0.0005
0.1075,0.0355,0.1803,0.0116,0.0130,0.0016,-0.0004
0.0866,0.0283,0.1452,0.0096,0.0105,0.0013,-0.0003
0.0687,0.0221,0.1151,0.0078,0.0083,0.0010,-0.0003
0.0444,0.0138,0.0743,0.0053,0.0054,0.0007,-0.0002
0.0232,0.0065,0.0387,0.0032,0.0028,0.0004,-0.0001
0.0020,-0.0009,0.0031,0.0011,0.0002,0.0001,-0.0000
-0.0193,-0.0081,-0.0326,-0.0011,-0.0023,-0.0002,0.0001
-0.0405,-0.0154,-0.0683,-0.0032,-0.0049,-0.0005,0.0002
-0.0617,-0.0227,-0.1038,-0.0053,-0.0075,-0.0008,0.0002
-0.0828,-0.0299,-0.1392,-0.0075,-0.0100,-0.0011,0.0003
-0.1037,-0.0371,-0.1743,-0.0096,-0.0125,-0.0014,0.0004
-0.1245,-0.0441,-0.2093,-0.0116,-0.0151,-0.0017,0.0005
-0.1451,-0.0512,-0.2438,-0.0137,-0.0176,-0.0020,0.0005
-0.1655,-0.0581,-0.2781,-0.0158,-0.0201,-0.0023,0.0006
-0.1856,-0.0650,-0.3119,-0.0177,-0.0225,-0.0026,0.0007
-0.2055,-0.0717,-0.3453,-0.0197,-0.0249,-0.0028,0.0008
-0.2251,-0.0783,-0.3782,-0.0216,-0.0272,-0.0031,0.0008
-0.2443,-0.0847,-0.4105,-0.0235,-0.0296,-0.0034,0.0009
-0.2632,-0.0911,-0.4421,-0.0253,-0.0319,-0.0036,0.0010
-0.2817,-0.0972,-0.4732,-0.0271,-0.0341,-0.0039,0.0010
-0.2999,-0.1032,-0.5036,-0.0288,-0.0363,-0.0041,0.0011
-0.3175,-0.1089,-0.5331,-0.0304,-0.0384,-0.0043,0.0012
-0.3347,-0.1146,-0.5619,-0.0320,-0.0405,-0.0045,0.0012
-0.3514,-0.1200,-0.5899,-0.0335,-0.0425,-0.0047,0.0013
-0.3676,-0.1252,-0.6170,-0.0349,-0.0444,-0.0049,0.0014
-0.3832,-0.1300,-0.6432,-0.0363,-0.0463,-0.0051,0.0014
-0.3983,-0.1348,-0.6685,-0.0375,-0.0481,-0.0052,0.0015
-0.4126,-0.1393,-0.6924,-0.0387,-0.0498,-0.0053,0.0015
-0.4268,-0.1433,-0.7160,-0.0399,-0.0515,-0.0055,0.0016
-0.4400,-0.1475,-0.7382,-0.0408,-0.0531,-0.0056,0.0016
-0.4526,-0.1509,-0.7593,-0.0418,-0.0545,-0.0057,0.0016
-0.4647,-0.1545,-0.7793,-0.0424,-0.0560,-0.0057,0.0017
-0.4759,-0.1574,-0.7980,-0.0434,-0.0573,-0.0059,0.0017
-0.4864,-0.1603,-0.8157,-0.0439,-0.0585,-0.0059,0.0018
-0.4964,-0.1628,-0.8322,-0.0445,-0.0597,-0.0059,0.0018
-0.5056,-0.1648,-0.8475,-0.0448,-0.0608,-0.0059,0.0019
-0.5140,-0.1669,-0.8614,-0.0451,-0.0618,-0.0058,0.0019
-0.5216,-0.1678,-0.8742,-0.0453,-0.0625,-0.0059,0.0018
-0.5286,-0.1692,-0.8857,-0.0453,-0.0634,-0.0057,0.0019
-0.5347,-0.1693,-0.8958,-0.0451,-0.0640,-0.0056,0.0019
-0.5402,-0.1690,-0.9046,-0.0451,-0.0646,-0.0056,0.0020
-0.5449,-0.1695,-0.9123,-0.0446,-0.0652,-0.0054,0.0020
-0.5488,-0.1689,-0.9185,-0.0439,-0.0655,-0.0052,0.0020
-0.5518,-0.1680,-0.9234,-0.0434,-0.0657,-0.0051,0.0019
-0.5541,-0.1666,-0.9271,-0.0427,-0.0660,-0.0048,0.0020
-0.5555,-0.1653,-0.9291,-0.0414,-0.0660,-0.0045,0.0020
-0.5564,-0.1629,-0.9300,-0.0406,-0.0663,-0.0044,0.0022
-0.5559,-0.1612,-0.9293,-0.0394,-0.0658,-0.0041,0.0019
-0.5549,-0.1593,-0.9274,-0.0380,-0.0656,-0.0037,0.0019
-0.5531,-0.1564,-0.9239,-0.0372,-0.0654,-0.0035,0.0020
-0.5505,-0.1539,-0.9192,-0.0357,-0.0651,-0.0032,0.0020
-0.5468,-0.1497,-0.9133,-0.0348,-0.0644,-0.0031,0.0018
-0.5424,-0.1464,-0.9055,-0.0331,-0.0637,-0.0026,0.0018
-0.5373,-0.1428,-0.8965,-0.0314,-0.0631,-0.0024,0.0019
-0.5319,-0.1388,-0.8875,-0.0302,-0.0623,-0.0022,0.0018
-0.5246,-0.1342,-0.8748,-0.0280,-0.0614,-0.0017,0.0019
-0.5171,-0.1297,-0.8626,-0.0270,-0.0603,-0.0014,0.0016
-0.5085,-0.1252,-0.8477,-0.0246,-0.0593,-0.0010,0.0017
-0.4995,-0.1206,-0.8324,-0.0235,-0.0581,-0.0009,0.0017
-0.4895,-0.1168,-0.8156,-0.0214,-0.0569,-0.0004,0.0016
-0.4793,-0.1124,-0.7981,-0.0201,-0.0557,-0.0001,0.0017
-0.4676,-0.1064,-0.7785,-0.0180,-0.0542,0.0003,0.0017
-0.4554,-0.1008,-0.7578,-0.0168,-0.0527,0.0003,0.0016
-0.4426,-0.0971,-0.7368,-0.0142,-0.0511,0.0011,0.0014
-0.4290,-0.0911,-0.7137,-0.0131,-0.0494,0.0010,0.0015
-0.4147,-0.0855,-0.6899,-0.0119,-0.0477,0.0011,0.0014
-0.3994,-0.0817,-0.6647,-0.0103,-0.0457,0.0016,0.0011
-0.3842,-0.0774,-0.6388,-0.0086,-0.0440,0.0018,0.0012
-0.3679,-0.0728,-0.6114,-0.0075,-0.0422,0.0018,0.0013
-0.3512,-0.0682,-0.5837,-0.0063,-0.0401,0.0019,0.0011
-0.3340,-0.0634,-0.5548,-0.0053,-0.0382,0.0020,0.0012
-0.3161,-0.0585,-0.5252,-0.0043,-0.0360,0.0021,0.0010
-0.2977,-0.0544,-0.4944,-0.0032,-0.0339,0.0022,0.0010
-0.2789,-0.0492,-0.4630,-0.0031,-0.0318,0.0019,0.0010
-0.2595,-0.0463,-0.4308,-0.0022,-0.0295,0.0020,0.0008
-0.2397,-0.0410,-0.3980,-0.0018,-0.0272,0.0019,0.0008
-0.2197,-0.0376,-0.3647,-0.0009,-0.0249,0.0019,0.0007
-0.1992,-0.0334,-0.3305,-0.0008,-0.0226,0.0018,0.0007
-0.1784,-0.0306,-0.2959,-0.0003,-0.0202,0.0018,0.0006
-0.1573,-0.0262,-0.2610,-0.0003,-0.0178,0.0015,0.0005
-0.1359,-0.0225,-0.2253,-0.0002,-0.0154,0.0013,0.0004
-0.1144,-0.0189,-0.1897,0.0001,-0.0129,0.0012,0.0003
-0.0926,-0.0151,-0.1535,-0.0001,-0.0105,0.0010,0.0003
-0.0707,-0.0111,-0.1172,-0.0002,-0.0080,0.0007,0.0002
-0.0487,-0.0073,-0.0807,-0.0004,-0.0056,0.0005,0.0002
-0.0266,-0.0034,-0.0440,-0.0007,-0.0030,0.0002,0.0001
-0.0045,0.0005,-0.0073,-0.0009,-0.0006,-0.0000,0.0000
0.0177,0.0044,0.0294,-0.0011,0.0020,-0.0003,-0.0001
0.0398,0.0085,0.0661,-0.0014,0.0045,-0.0005,-0.0001
0.0619,0.0126,0.1026,-0.0016,0.0069,-0.0008,-0.0002
0.0839,0.0166,0.1390,-0.0019,0.0094,-0.0011,-0.0003
0.1058,0.0207,0.1753,-0.0021,0.0119,-0.0013,-0.0003
0.1275,0.0247,0.2112,-0.0024,0.0143,-0.0016,-0.0004
0.1490,0.0287,0.2468,-0.0026,0.0167,-0.0018,-0.0005
0.1703,0.0326,0.2821,-0.0029,0.0191,-0.0021,-0.0005
0.1913,0.0365,0.3170,-0.0031,0.0215,-0.0023,-0.0006
0.2120,0.0403,0.3513,-0.0033,0.0238,-0.0026,-0.0007
0.2325,0.0441,0.3852,-0.0035,0.0261,-0.0028,-0.0007
0.2525,0.0478,0.4184,-0.0038,0.0284,-0.0030,-0.0008
0.2722,0.0515,0.4511,-0.0040,0.0306,-0.0033,-0.0009
0.2915,0.0552,0.4830,-0.0042,0.0328,-0.0035,-0.0009
0.3104,0.0587,0.5142,-0.0043,0.0349,-0.0037,-0.0010
0.3287,0.0622,0.5446,-0.0044,0.0370,-0.0039,-0.0011
0.3466,0.0656,0.5743,-0.0046,0.0390,-0.0041,-0.0011
0.3640,0.0689,0.6030,-0.0047,0.0410,-0.0043,-0.0012
0.3808,0.0722,0.6309,-0.0047,0.0429,-0.0045,-0.0012
0.3970,0.0754,0.6578,-0.0048,0.0447,-0.0046,-0.0013
0.4126,0.0786,0.6836,-0.0047,0.0465,-0.0047,-0.0013
0.4276,0.0817,0.7085,-0.0047,0.0482,-0.0049,-0.0014
0.4420,0.0847,0.7323,-0.0046,0.0498,-0.0050,-0.0014
0.4556,0.0877,0.7549,-0.0045,0.0513,-0.0051,-0.0014
0.4686,0.0905,0.7765,-0.0043,0.0529,-0.0052,-0.0015
0.4809,0.0935,0.7969,-0.0042,0.0543,-0.0053,-0.0016
0.4925,0.0961,0.8160,-0.0039,0.0556,-0.0053,-0.0016
0.5032,0.0987,0.8339,-0.0037,0.0568,-0.0054,-0.0016
0.5132,0.1014,0.8506,-0.0033,0.0579,-0.0054,-0.0016
0.5224,0.1039,0.8659,-0.0030,0.0590,-0.0054,-0.0016
0.5310,0.1061,0.8800,-0.0026,0.0601,-0.0054,-0.0018
0.5380,0.1082,0.8916,-0.0024,0.0609,-0.0054,-0.0018
0.5455,0.1101,0.9041,-0.0017,0.0617,-0.0053,-0.0018
0.5515,0.1119,0.9141,-0.0012,0.0625,-0.0052,-0.0018
0.5567,0.1136,0.9228,-0.0008,0.0630,-0.0052,-0.0018
0.5610,0.1151,0.9300,-0.0004,0.0635,-0.0051,-0.0018
0.5646,0.1164,0.9359,0.0002,0.0640,-0.0050,-0.0018
0.5672,0.1173,0.9404,0.0006,0.0643,-0.0049,-0.0018
0.5690,0.1185,0.9434,0.0012,0.0646,-0.0048,-0.0019
0.5700,0.1196,0.9452,0.0017,0.0647,-0.0047,-0.0018
0.5700,0.1209,0.9452,0.0021,0.0647,-0.0047,-0.0018
0.5692,0.1214,0.9439,0.0028,0.0647,-0.0045,-0.0019
0.5676,0.1222,0.9413,0.0033,0.0646,-0.0044,-0.0018
0.5651,0.1228,0.9370,0.0041,0.0644,-0.0042,-0.0019
0.5617,0.1229,0.9314,0.0046,0.0641,-0.0040,-0.0019
0.5575,0.1231,0.9246,0.0052,0.0636,-0.0038,-0.0019
0.5524,0.1235,0.9164,0.0060,0.0630,-0.0036,-0.0018
0.5466,0.1231,0.9066,0.0067,0.0625,-0.0034,-0.0019
0.5397,0.1228,0.8956,0.0073,0.0616,-0.0032,-0.0017
0.5323,0.1222,0.8831,0.0079,0.0609,-0.0030,-0.0018
0.5238,0.1219,0.8695,0.0087,0.0599,-0.0027,-0.0016
0.5149,0.1211,0.8544,0.0091,0.0590,-0.0025,-0.0018
0.5048,0.1205,0.8378,0.0098,0.0579,-0.0023,-0.0017
0.4944,0.1189,0.8205,0.0103,0.0569,-0.0021,-0.0018
0.4827,0.1170,0.8017,0.0109,0.0553,-0.0018,-0.0015
0.4709,0.1151,0.7817,0.0116,0.0543,-0.0016,-0.0017
0.4580,0.1131,0.7606,0.0119,0.0527,-0.0014,-0.0015
0.4445,0.1106,0.7382,0.0123,0.0513,-0.0012,-0.0015
0.4304,0.1086,0.7149,0.0124,0.0497,-0.0011,-0.0015
0.4155,0.1056,0.6904,0.0127,0.0480,-0.0008,-0.0014
0.4002,0.1021,0.6649,0.0130,0.0463,-0.0006,-0.0014
0.3843,0.0989,0.6386,0.0131,0.0445,-0.0004,-0.0013
0.3678,0.0954,0.6112,0.0131,0.0427,-0.0003,-0.0013
0.3506,0.0918,0.5829,0.0131,0.0407,-0.0001,-0.0012
0.3331,0.0876,0.5540,0.0130,0.0387,-0.0000,-0.0011
0.3152,0.0833,0.5241,0.0128,0.0367,0.0001,-0.0011
0.2965,0.0794,0.4934,0.0122,0.0344,0.0001,-0.0009
0.2778,0.0745,0.4620,0.0120,0.0324,0.0002,-0.0010
0.2584,0.0700,0.4300,0.0114,0.0301,0.0002,-0.0009
0.2388,0.0649,0.3973,0.0108,0.0279,0.0003,-0.0008
0.2188,0.0596,0.3641,0.0103,0.0256,0.0004,-0.0008
0.1993,0.0544,0.3316,0.0095,0.0233,0.0004,-0.0007
0.1779,0.0486,0.2961,0.0088,0.0208,0.0004,-0.0006
0.1571,0.0428,0.2615,0.0080,0.0184,0.0004,-0.0005
0.1361,0.0369,0.2265,0.0071,0.0160,0.0004,-0.0005
0.1148,0.0312,0.1912,0.0061,0.0134,0.0003,-0.0004
0.0936,0.0254,0.1558,0.0052,0.0110,0.0003,-0.0003
0.0719,0.0196,0.1197,0.0042,0.0084,0.0003,-0.0003
0.0502,0.0138,0.0837,0.0031,0.0059,0.0002,-0.0002
0.0285,0.0079,0.0475,0.0021,0.0034,0.0002,-0.0001
0.0068,0.0021,0.0113,0.0011,0.0008,0.0001,-0.0000
-0.0150,-0.0038,-0.0250,0.0001,-0.0017,0.0001,0.0000
-0.0367,-0.0097,-0.0612,-0.0010,-0.0042,0.0000,0.0001
-0.0584,-0.0155,-0.0973,-0.0020,-0.0068,0.0000,0.0002
-0.0800,-0.0213,-0.1333,-0.0030,-0.0093,-0.0000,0.0003
-0.1015,-0.0271,-0.1690,-0.0040,-0.0118,-0.0001,0.0003
-0.1228,-0.0328,-0.2045,-0.0050,-0.0143,-0.0001,0.0004
-0.1440,-0.0385,-0.2398,-0.0060,-0.0168,-0.0002,0.0005
-0.1649,-0.0441,-0.2746,-0.0070,-0.0192,-0.0002,0.0006
-0.1856,-0.0497,-0.3091,-0.0080,-0.0216,-0.0002,0.0006
-0.2060,-0.0551,-0.3431,-0.0089,-0.0240,-0.0003,0.0007
-0.2261,-0.0604,-0.3766,-0.0098,-0.0264,-0.0003,0.0007
-0.2459,-0.0656,-0.4095,-0.0107,-0.0287,-0.0003,0.0008
-0.2653,-0.0706,-0.4418,-0.0116,-0.0309,-0.0004,0.0009
-0.2843,-0.0757,-0.4735,-0.0124,-0.0331,-0.0004,0.0010
-0.3029,-0.0805,-0.5044,-0.0132,-0.0353,-0.0004,0.0011
-0.3211,-0.0852,-0.5347,-0.0139,-0.0374,-0.0004,0.0011
-0.3388,-0.0895,-0.5641,-0.0146,-0.0395,-0.0004,0.0012
-0.3560,-0.0939,-0.5927,-0.0152,-0.0415,-0.0004,0.0013
-0.3726,-0.0980,-0.6204,-0.0158,-0.0434,-0.0003,0.0013
-0.3888,-0.1020,-0.6473,-0.0163,-0.0452,-0.0003,0.0013
-0.4043,-0.1055,-0.6731,-0.0168,-0.0470,-0.0003,0.0014
-0.4192,-0.1090,-0.6978,-0.0172,-0.0488,-0.0003,0.0015
-0.4336,-0.1125,-0.7218,-0.0176,-0.0504,-0.0002,0.0015
-0.4473,-0.1156,-0.7445,-0.0178,-0.0520,-0.0001,0.0015
-0.4604,-0.1185,-0.7662,-0.0182,-0.0535,-0.0001,0.0016
-0.4719,-0.1210,-0.7854,-0.0181,-0.0548,0.0000,0.0016
-0.4843,-0.1234,-0.8059,-0.0183,-0.0562,0.0001,0.0016
-0.4954,-0.1251,-0.8242,-0.0184,-0.0575,0.0001,0.0017
-0.5056,-0.1270,-0.8412,-0.0182,-0.0587,0.0003,0.0017
-0.5151,-0.1281,-0.8570,-0.0183,-0.0597,0.0004,0.0018
-0.5240,-0.1290,-0.8715,-0.0179,-0.0607,0.0005,0.0019
-0.5318,-0.1297,-0.8845,-0.0177,-0.0615,0.0007,0.0018
-0.5391,-0.1302,-0.8965,-0.0172,-0.0624,0.0009,0.0019
-0.5455,-0.1300,-0.9071,-0.0166,-0.0630,0.0010,0.0019
-0.5512,-0.1300,-0.9163,-0.0161,-0.0636,0.0011,0.0019
-0.5558,-0.1300,-0.9241,-0.0150,-0.0640,0.0016,0.0018
-0.5599,-0.1287,-0.9305,-0.0147,-0.0645,0.0016,0.0019
-0.5632,-0.1286,-0.9361,-0.0139,-0.0647,0.0019,0.0018
-0.5654,-0.1262,-0.9396,-0.0128,-0.0649,0.0021,0.0019
-0.5669,-0.1252,-0.9419,-0.0118,-0.0650,0.0023,0.0019
-0.5675,-0.1237,-0.9430,-0.0107,-0.0649,0.0027,0.0018
-0.5673,-0.1219,-0.9424,-0.0099,-0.0649,0.0029,0.0019
-0.5661,-0.1196,-0.9401,-0.0085,-0.0647,0.0031,0.0019
-0.5643,-0.1177,-0.9373,-0.0071,-0.0644,0.0036,0.0018
-0.5618,-0.1147,-0.9327,-0.0064,-0.0641,0.0036,0.0019
-0.5581,-0.1120,-0.9266,-0.0052,-0.0636,0.0039,0.0018
-0.5537,-0.1089,-0.9190,-0.0040,-0.0630,0.0041,0.0019
-0.5483,-0.1067,-0.9101,-0.0028,-0.0623,0.0044,0.0018
-0.5422,-0.1029,-0.8999,-0.0009,-0.0614,0.0048,0.0017
-0.5353,-0.0977,-0.8884,-0.0004,-0.0606,0.0047,0.0017
-0.5276,-0.0953,-0.8755,0.0014,-0.0597,0.0052,0.0017
-0.5187,-0.0925,-0.8608,0.0022,-0.0585,0.0054,0.0016
-0.5097,-0.0892,-0.8455,0.0034,-0.0575,0.0055,0.0017
-0.4994,-0.0847,-0.8285,0.0043,-0.0562,0.0055,0.0016
-0.4886,-0.0808,-0.8103,0.0056,-0.0550,0.0058,0.0016
-0.4771,-0.0765,-0.7910,0.0066,-0.0537,0.0059,0.0016
-0.4646,-0.0730,-0.7705,0.0072,-0.0522,0.0059,0.0015
-0.4516,-0.0698,-0.7491,0.0080,-0.0506,0.0060,0.0014
-0.4377,-0.0661,-0.7257,0.0092,-0.0490,0.0062,0.0014
-0.4231,-0.0620,-0.7017,0.0096,-0.0473,0.0062,0.0013
-0.4081,-0.0582,-0.6767,0.0098,-0.0456,0.0060,0.0013
-0.3923,-0.0557,-0.6505,0.0108,-0.0437,0.0062,0.0012
-0.3761,-0.0525,-0.6232,0.0109,-0.0420,0.0060,0.0013
-0.3589,-0.0493,-0.5948,0.0112,-0.0399,0.0060,0.0012
-0.3414,-0.0453,-0.5660,0.0115,-0.0379,0.0058,0.0011
-0.3234,-0.0418,-0.5360,0.0114,-0.0359,0.0056,0.0010
-0.3048,-0.0391,-0.5053,0.0111,-0.0337,0.0054,0.0009
-0.2857,-0.0362,-0.4736,0.0110,-0.0316,0.0052,0.0008
-0.2663,-0.0342,-0.4413,0.0107,-0.0295,0.0050,0.0008
-0.2463,-0.0310,-0.4083,0.0104,-0.0272,0.0047,0.0007
-0.2262,-0.0279,-0.3747,0.0099,-0.0251,0.0044,0.0008
-0.2057,-0.0254,-0.3406,0.0094,-0.0227,0.0041,0.0007
-0.1846,-0.0228,-0.3058,0.0084,-0.0204,0.0037,0.0006
-0.1634,-0.0209,-0.2707,0.0076,-0.0180,0.0034,0.0005
-0.1420,-0.0178,-0.2350,0.0066,-0.0157,0.0028,0.0005
-0.1202,-0.0153,-0.1991,0.0057,-0.0132,0.0024,0.0003
-0.0984,-0.0126,-0.1628,0.0046,-0.0108,0.0020,0.0003
-0.0763,-0.0101,-0.1263,0.0033,-0.0084,0.0015,0.0002
-0.0542,-0.0075,-0.0896,0.0023,-0.0060,0.0010,0.0002
-0.0319,-0.0048,-0.0528,0.0011,-0.0035,0.0006,0.0001
-0.0096,-0.0020,-0.0158,-0.0001,-0.0011,0.0001,0.0000
0.0127,0.0009,0.0211,-0.0013,0.0014,-0.0004,-0.0000
0.0350,0.0037,0.0580,-0.0025,0.0038,-0.0009,-0.0001
0.0573,0.0065,0.0948,-0.0037,0.0063,-0.0014,-0.0002
0.0794,0.0093,0.1315,-0.0049,0.0087,-0.0018,-0.0002
0.1015,0.0121,0.1680,-0.0061,0.0111,-0.0023,-0.0003
0.1232,0.0148,0.2040,-0.0072,0.0135,-0.0028,-0.0004
0.1450,0.0176,0.2401,-0.0084,0.0159,-0.0033,-0.0004
0.1665,0.0203,0.2757,-0.0096,0.0183,-0.0037,-0.0005
0.1878,0.0230,0.3108,-0.0107,0.0206,-0.0042,-0.0006
0.2087,0.0257,0.3455,-0.0118,0.0229,-0.0046,-0.0006
0.2293,0.0283,0.3796,-0.0129,0.0252,-0.0051,-0.0007
0.2497,0.0309,0.4133,-0.0139,0.0274,-0.0055,-0.0008
0.2696,0.0336,0.4462,-0.0149,0.0296,-0.0059,-0.0008
0.2891,0.0361,0.4785,-0.0159,0.0318,-0.0063,-0.0009
0.3082,0.0387,0.5101,-0.0168,0.0339,-0.0067,-0.0009
0.3267,0.0412,0.5408,-0.0177,0.0359,-0.0071,-0.0010
0.3449,0.0437,0.5709,-0.0186,0.0379,-0.0075,-0.0011
0.3625,0.0461,0.6000,-0.0194,0.0399,-0.0078,-0.0011
0.3796,0.0484,0.6283,-0.0202,0.0418,-0.0082,-0.0012
0.3960,0.0508,0.6555,-0.0209,0.0436,-0.0085,-0.0012
0.4119,0.0530,0.6817,-0.0216,0.0453,-0.0088,-0.0012
0.4273,0.0552,0.7072,-0.0222,0.0471,-0.0091,-0.0013
0.4418,0.0573,0.7314,-0.0229,0.0486,-0.0094,-0.0013
0.4558,0.0593,0.7545,-0.0234,0.0502,-0.0096,-0.0014
0.4691,0.0612,0.7765,-0.0240,0.0517,-0.0099,-0.0014
0.4817,0.0630,0.7973,-0.0244,0.0531,-0.0101,-0.0015
0.4935,0.0649,0.8169,-0.0249,0.0544,-0.0103,-0.0015
0.5046,0.0665,0.8353,-0.0252,0.0556,-0.0105,-0.0015
0.5150,0.0681,0.8525,-0.0257,0.0567,-0.0107,-0.0016
0.5246,0.0696,0.8683,-0.0259,0.0578,-0.0108,-0.0016
0.5334,0.0710,0.8828,-0.0262,0.0588,-0.0110,-0.0016
0.5414,0.0724,0.8961,-0.0263,0.0597,-0.0111,-0.0017
0.5486,0.0738,0.9079,-0.0265,0.0605,-0.0112,-0.0017
0.5549,0.0749,0.9185,-0.0266,0.0612,-0.0112,-0.0017
0.5604,0.0761,0.9275,-0.0266,0.0619,-0.0113,-0.0017
0.5651,0.0769,0.9354,-0.0267,0.0624,-0.0114,-0.0017
0.5690,0.0777,0.9417,-0.0265,0.0628,-0.0114,-0.0018
0.5719,0.0785,0.9466,-0.0265,0.0631,-0.0114,-0.0018
0.5740,0.0792,0.9501,-0.0263,0.0634,-0.0114,-0.0018
0.5752,0.0798,0.9521,-0.0261,0.0635,-0.0113,-0.0018
0.5757,0.0804,0.9529,-0.0258,0.0636,-0.0113,-0.0018
0.5752,0.0810,0.9520,-0.0253,0.0636,-0.0112,-0.0018
0.5738,0.0814,0.9497,-0.0248,0.0634,-0.0110,-0.0018
0.5716,0.0820,0.9461,-0.0243,0.0633,-0.0109,-0.0018
0.5685,0.0821,0.9407,-0.0237,0.0630,-0.0107,-0.0018
0.5647,0.0825,0.9347,-0.0231,0.0625,-0.0105,-0.0017
0.5598,0.0826,0.9264,-0.0223,0.0620,-0.0103,-0.0017
0.5542,0.0830,0.9172,-0.0216,0.0614,-0.0102,-0.0017
0.5477,0.0824,0.9065,-0.0206,0.0607,-0.0098,-0.0016
0.5404,0.0822,0.8945,-0.0198,0.0600,-0.0095,-0.0017
0.5323,0.0818,0.8810,-0.0190,0.0591,-0.0093,-0.0017
0.5234,0.0813,0.8663,-0.0183,0.0581,-0.0091,-0.0016
0.5138,0.0805,0.8504,-0.0173,0.0571,-0.0088,-0.0016
0.5033,0.0797,0.8331,-0.0165,0.0560,-0.0084,-0.0016
0.4921,0.0789,0.8144,-0.0157,0.0548,-0.0082,-0.0016
0.4802,0.0780,0.7947,-0.0144,0.0534,-0.0077,-0.0015
0.4676,0.0769,0.7739,-0.0137,0.0522,-0.0075,-0.0015
0.4541,0.0752,0.7516,-0.0127,0.0507,-0.0071,-0.0015
0.4400,0.0737,0.7284,-0.0116,0.0491,-0.0068,-0.0014
0.4253,0.0718,0.7041,-0.0108,0.0475,-0.0064,-0.0013
0.4100,0.0701,0.6787,-0.0100,0.0458,-0.0061,-0.0013
0.3941,0.0674,0.6525,-0.0090,0.0441,-0.0057,-0.0013
0.3776,0.0654,0.6250,-0.0084,0.0423,-0.0055,-0.0012
0.3606,0.0626,0.5969,-0.0077,0.0404,-0.0051,-0.0012
0.3429,0.0597,0.5677,-0.0068,0.0384,-0.0048,-0.0011
0.3252,0.0572,0.5385,-0.0063,0.0364,-0.0045,-0.0010
0.3061,0.0540,0.5069,-0.0055,0.0343,-0.0041,-0.0010
0.2871,0.0511,0.4755,-0.0049,0.0322,-0.0038,-0.0009
0.2676,0.0477,0.4432,-0.0044,0.0300,-0.0035,-0.0008
0.2478,0.0443,0.4104,-0.0040,0.0278,-0.0032,-0.0008
0.2276,0.0407,0.3769,-0.0034,0.0256,-0.0029,-0.0008
0.2070,0.0371,0.3428,-0.0029,0.0232,-0.0026,-0.0007
0.1862,0.0334,0.3083,-0.0025,0.0209,-0.0023,-0.0006
0.1650,0.0296,0.2733,-0.0021,0.0186,-0.0020,-0.0005
0.1436,0.0257,0.2379,-0.0017,0.0161,-0.0018,-0.0004
0.1221,0.0218,0.2022,-0.0014,0.0137,-0.0015,-0.0004
0.1003,0.0179,0.1662,-0.0010,0.0113,-0.0012,-0.0003
0.0784,0.0139,0.1298,-0.0007,0.0088,-0.0009,-0.0002
0.0564,0.0099,0.0934,-0.0004,0.0063,-0.0007,-0.0002
0.0343,0.0060,0.0567,-0.0000,0.0039,-0.0004,-0.0001
0.0121,0.0020,0.0200,0.0003,0.0014,-0.0001,-0.0000
-0.0101,-0.0019,-0.0167,0.0007,-0.0011,0.0002,0.0000
-0.0322,-0.0060,-0.0534,0.0010,-0.0036,0.0005,0.0001
-0.0544,-0.0099,-0.0901,0.0013,-0.0061,0.0008,0.0002
-0.0764,-0.0139,-0.1266,0.0017,-0.0086,0.0010,0.0002
-0.0983,-0.0178,-0.1629,0.0020,-0.0110,0.0013,0.0003
-0.1201,-0.0217,-0.1990,0.0024,-0.0135,0.0016,0.0004
-0.1417,-0.0256,-0.2347,0.0027,-0.0159,0.0019,0.0004
-0.1631,-0.0293,-0.2702,0.0031,-0.0183,0.0022,0.0005
-0.1842,-0.0331,-0.3052,0.0034,-0.0207,0.0024,0.0006
-0.2051,-0.0367,-0.3397,0.0037,-0.0230,0.0027,0.0007
-0.2256,-0.0403,-0.3738,0.0041,-0.0253,0.0029,0.0007
-0.2459,-0.0439,-0.4073,0.0045,-0.0276,0.0032,0.0008
-0.2657,-0.0474,-0.4402,0.0049,-0.0298,0.0035,0.0008
-0.2852,-0.0507,-0.4725,0.0052,-0.0320,0.0038,0.0009
-0.3043,-0.0540,-0.5040,0.0056,-0.0341,0.0040,0.0010
-0.3228,-0.0572,-0.5348,0.0060,-0.0362,0.0043,0.0010
-0.3409,-0.0603,-0.5648,0.0063,-0.0382,0.0045,0.0011
-0.3585,-0.0633,-0.5939,0.0068,-0.0402,0.0048,0.0011
-0.3756,-0.0661,-0.6222,0.0071,-0.0421,0.0050,0.0012
-0.3921,-0.0688,-0.6495,0.0075,-0.0439,0.0053,0.0012
-0.4080,-0.0713,-0.6758,0.0079,-0.0457,0.0055,0.0013
-0.4233,-0.0738,-0.7012,0.0084,-0.0474,0.0058,0.0013
-0.4380,-0.0759,-0.7255,0.0087,-0.0491,0.0060,0.0014
-0.4520,-0.0781,-0.7487,0.0093,-0.0506,0.0063,0.0014
-0.4654,-0.0802,-0.7708,0.0097,-0.0521,0.0065,0.0015
-0.4781,-0.0818,-0.7918,0.0102,-0.0535,0.0067,0.0015
-0.4900,-0.0833,-0.8116,0.0106,-0.0548,0.0069,0.0016
-0.5012,-0.0846,-0.8302,0.0112,-0.0561,0.0072,0.0016
-0.5118,-0.0859,-0.8476,0.0118,-0.0573,0.0074,0.0017
-0.5215,-0.0870,-0.8636,0.0125,-0.0583,0.0077,0.0017
-0.5304,-0.0877,-0.8784,0.0130,-0.0593,0.0079,0.0017
-0.5386,-0.0880,-0.8919,0.0137,-0.0601,0.0081,0.0017
-0.5458,-0.0885,-0.9040,0.0143,-0.0609,0.0083,0.0017
-0.5525,-0.0882,-0.9149,0.0150,-0.0617,0.0085,0.0018
-0.5582,-0.0883,-0.9244,0.0156,-0.0623,0.0087,0.0018
-0.5631,-0.0881,-0.9325,0.0166,-0.0628,0.0090,0.0018
-0.5671,-0.0876,-0.9392,0.0172,-0.0631,0.0091,0.0018
-0.5703,-0.0872,-0.9444,0.0180,-0.0635,0.0095,0.0018
-0.5727,-0.0863,-0.9484,0.0184,-0.0637,0.0095,0.0018
-0.5742,-0.0853,-0.9508,0.0195,-0.0638,0.0098,0.0018
-0.5748,-0.0840,-0.9519,0.0202,-0.0638,0.0100,0.0018
-0.5745,-0.0826,-0.9515,0.0208,-0.0638,0.0101,0.0018
-0.5734,-0.0805,-0.9496,0.0215,-0.0636,0.0103,0.0018
-0.5715,-0.0787,-0.9464,0.0225,-0.0634,0.0105,0.0018
-0.5687,-0.0771,-0.9419,0.0232,-0.0629,0.0106,0.0017
-0.5651,-0.0752,-0.9358,0.0238,-0.0626,0.0108,0.0018
-0.5605,-0.0732,-0.9283,0.0249,-0.0620,0.0110,0.0017
-0.5551,-0.0702,-0.9194,0.0255,-0.0613,0.0110,0.0017
-0.5489,-0.0684,-0.9092,0.0260,-0.0606,0.0111,0.0017
-0.5419,-0.0654,-0.8977,0.0264,-0.0597,0.0111,0.0016
-0.5340,-0.0633,-0.8847,0.0270,-0.0587,0.0113,0.0016
-0.5255,-0.0614,-0.8704,0.0277,-0.0578,0.0113,0.0016
-0.5161,-0.0583,-0.8547,0.0282,-0.0568,0.0114,0.0016
-0.5056,-0.0564,-0.8378,0.0285,-0.0554,0.0113,0.0014
-0.4946,-0.0529,-0.8196,0.0287,-0.0541,0.0113,0.0014
-0.4829,-0.0502,-0.8002,0.0286,-0.0529,0.0111,0.0014
-0.4704,-0.0472,-0.7795,0.0291,-0.0515,0.0112,0.0014
-0.4574,-0.0453,-0.7578,0.0293,-0.0501,0.0111,0.0014
-0.4435,-0.0423,-0.7348,0.0290,-0.0485,0.0109,0.0014
-0.4289,-0.0397,-0.7108,0.0288,-0.0468,0.0107,0.0013
-0.4138,-0.0369,-0.6860,0.0287,-0.0451,0.0105,0.0012
-0.3979,-0.0347,-0.6595,0.0284,-0.0433,0.0103,0.0012
-0.3815,-0.0320,-0.6323,0.0278,-0.0416,0.0100,0.0012
-0.3646,-0.0302,-0.6040,0.0268,-0.0399,0.0096,0.0013
-0.3470,-0.0288,-0.5750,0.0264,-0.0378,0.0094,0.0011
-0.3289,-0.0271,-0.5451,0.0254,-0.0357,0.0091,0.0009
-0.3102,-0.0249,-0.5141,0.0244,-0.0337,0.0086,0.0009
-0.2912,-0.0226,-0.4826,0.0232,-0.0317,0.0081,0.0009
-0.2717,-0.0210,-0.4503,0.0219,-0.0295,0.0077,0.0008
-0.2518,-0.0191,-0.4173,0.0204,-0.0273,0.0071,0.0007
-0.2315,-0.0174,-0.3837,0.0191,-0.0251,0.0066,0.0007
-0.2109,-0.0155,-0.3496,0.0174,-0.0228,0.0061,0.0006
-0.1899,-0.0140,-0.3149,0.0159,-0.0206,0.0055,0.0005
-0.1687,-0.0122,-0.2797,0.0142,-0.0183,0.0049,0.0005
-0.1472,-0.0105,-0.2441,0.0124,-0.0159,0.0043,0.0004
-0.1255,-0.0089,-0.2080,0.0106,-0.0136,0.0037,0.0004
-0.1036,-0.0071,-0.1718,0.0087,-0.0112,0.0031,0.0003
-0.0816,-0.0054,-0.1352,0.0068,-0.0088,0.0024,0.0002
-0.0594,-0.0036,-0.0984,0.0049,-0.0064,0.0018,0.0002
-0.0371,-0.0018,-0.0615,0.0029,-0.0040,0.0011,0.0001
-0.0148,0.0000,-0.0245,0.0009,-0.0016,0.0004,0.0000
0.0076,0.0018,0.0125,-0.0010,0.0008,-0.0002,-0.0000
0.0299,0.0036,0.0495,-0.0030,0.0032,-0.0009,-0.0001
0.0522,0.0054,0.0864,-0.0050,0.0056,-0.0015,-0.0002
0.0744,0.0072,0.1233,-0.0069,0.0080,-0.0022,-0.0002
0.0965,0.0090,0.1599,-0.0088,0.0104,-0.0028,-0.0003
0.1185,0.0108,0.1962,-0.0108,0.0128,-0.0035,-0.0004
0.1403,0.0126,0.2323,-0.0127,0.0152,-0.0041,-0.0004
0.1619,0.0143,0.2681,-0.0145,0.0175,-0.0048,-0.0005
0.1832,0.0160,0.3034,-0.0164,0.0198,-0.0054,-0.0005
0.2042,0.0178,0.3383,-0.0182,0.0221,-0.0060,-0.0006
0.2250,0.0195,0.3727,-0.0201,0.0243,-0.0066,-0.0007
0.2444,0.0210,0.4048,-0.0217,0.0264,-0.0072,-0.0007
0.2654,0.0228,0.4397,-0.0235,0.0287,-0.0078,-0.0008
0.2851,0.0244,0.4723,-0.0252,0.0308,-0.0084,-0.0008
0.3034,0.0260,0.5025,-0.0268,0.0328,-0.0089,-0.0009
0.3231,0.0277,0.5352,-0.0284,0.0349,-0.0095,-0.0009
0.3412,0.0292,0.5651,-0.0300,0.0369,-0.0100,-0.0010
0.3591,0.0308,0.5949,-0.0314,0.0389,-0.0105,-0.0011
0.3763,0.0323,0.6234,-0.0328,0.0407,-0.0110,-0.0011
0.3914,0.0337,0.6483,-0.0341,0.0424,-0.0114,-0.0011
0.4091,0.0352,0.6776,-0.0355,0.0443,-0.0119,-0.0012
0.4245,0.0367,0.7032,-0.0368,0.0460,-0.0123,-0.0012
0.4394,0.0380,0.7278,-0.0379,0.0476,-0.0127,-0.0013
0.4535,0.0395,0.7512,-0.0389,0.0491,-0.0131,-0.0013
0.4670,0.0409,0.7735,-0.0399,0.0506,-0.0135,-0.0014
0.4798,0.0422,0.7947,-0.0409,0.0519,-0.0138,-0.0014
0.4919,0.0436,0.8147,-0.0417,0.0533,-0.0141,-0.0014
0.5032,0.0448,0.8333,-0.0424,0.0546,-0.0144,-0.0015
0.5138,0.0462,0.8509,-0.0430,0.0557,-0.0146,-0.0015
0.5236,0.0473,0.8671,-0.0436,0.0568,-0.0148,-0.0015
0.5326,0.0485,0.8819,-0.0440,0.0578,-0.0150,-0.0016
0.5407,0.0499,0.8955,-0.0444,0.0586,-0.0152,-0.0016
0.5483,0.0513,0.9078,-0.0447,0.0595,-0.0153,-0.0016
0.5548,0.0523,0.9186,-0.0448,0.0602,-0.0154,-0.0016
0.5606,0.0537,0.9282,-0.0449,0.0609,-0.0155,-0.0016
0.5655,0.0549,0.9363,-0.0447,0.0615,-0.0155,-0.0017
0.5695,0.0560,0.9428,-0.0446,0.0619,-0.0155,-0.0017
0.5728,0.0576,0.9483,-0.0443,0.0623,-0.0155,-0.0017
0.5751,0.0585,0.9520,-0.0438,0.0626,-0.0154,-0.0017
0.5765,0.0597,0.9543,-0.0435,0.0628,-0.0154,-0.0017
0.5772,0.0609,0.9553,-0.0426,0.0629,-0.0151,-0.0017
0.5769,0.0619,0.9549,-0.0422,0.0629,-0.0150,-0.0017
0.5758,0.0627,0.9529,-0.0415,0.0628,-0.0149,-0.0018
0.5737,0.0630,0.9495,-0.0407,0.0625,-0.0146,-0.0017
0.5707,0.0635,0.9447,-0.0398,0.0622,-0.0143,-0.0017
0.5671,0.0643,0.9386,-0.0388,0.0618,-0.0141,-0.0016
0.5626,0.0651,0.9309,-0.0380,0.0615,-0.0139,-0.0017
0.5571,0.0654,0.9219,-0.0367,0.0609,-0.0135,-0.0017
0.5509,0.0659,0.9115,-0.0357,0.0602,-0.0132,-0.0017
0.5439,0.0660,0.9000,-0.0345,0.0596,-0.0129,-0.0017
0.5359,0.0662,0.8867,-0.0333,0.0587,-0.0126,-0.0016
0.5272,0.0663,0.8722,-0.0319,0.0578,-0.0122,-0.0016
0.5176,0.0661,0.8565,-0.0307,0.0567,-0.0118,-0.0015
0.5075,0.0661,0.8396,-0.0293,0.0557,-0.0114,-0.0015
0.4962,0.0654,0.8210,-0.0279,0.0545,-0.0109,-0.0015
0.4846,0.0656,0.8016,-0.0265,0.0533,-0.0106,-0.0015
0.4721,0.0646,0.7810,-0.0254,0.0519,-0.0102,-0.0014
0.4587,0.0635,0.7589,-0.0238,0.0505,-0.0095,-0.0014
0.4448,0.0628,0.7358,-0.0224,0.0490,-0.0092,-0.0013
0.4303,0.0618,0.7118,-0.0210,0.0474,-0.0088,-0.0013
0.4151,0.0598,0.6866,-0.0198,0.0459,-0.0083,-0.0013
0.3992,0.0586,0.6604,-0.0184,0.0441,-0.0079,-0.0012
0.3828,0.0565,0.6332,-0.0172,0.0423,-0.0074,-0.0012
0.3658,0.0550,0.6050,-0.0159,0.0405,-0.0070,-0.0012
0.3481,0.0530,0.5761,-0.0146,0.0385,-0.0065,-0.0010
0.3303,0.0513,0.5462,-0.0135,0.0367,-0.0062,-0.0011
0.3116,0.0481,0.5156,-0.0123,0.0345,-0.0057,-0.0010
0.2926,0.0457,0.4841,-0.0112,0.0325,-0.0053,-0.0009
0.2731,0.0427,0.4520,-0.0101,0.0303,-0.0048,-0.0008
0.2533,0.0401,0.4192,-0.0091,0.0281,-0.0044,-0.0008
0.2332,0.0368,0.3859,-0.0082,0.0259,-0.0040,-0.0007
0.2126,0.0334,0.3518,-0.0072,0.0236,-0.0036,-0.0007
0.1917,0.0303,0.3172,-0.0065,0.0213,-0.0033,-0.0006
0.1705,0.0271,0.2821,-0.0056,0.0190,-0.0029,-0.0005
0.1491,0.0237,0.2468,-0.0048,0.0166,-0.0025,-0.0004
0.1275,0.0202,0.2111,-0.0040,0.0142,-0.0021,-0.0004
0.1057,0.0165,0.1750,-0.0032,0.0118,-0.0017,-0.0003
0.0838,0.0129,0.1387,-0.0025,0.0093,-0.0014,-0.0003
0.0617,0.0093,0.1021,-0.0018,0.0069,-0.0010,-0.0002
0.0395,0.0057,0.0655,-0.0011,0.0044,-0.0007,-0.0001
0.0173,0.0021,0.0287,-0.0005,0.0019,-0.0003,-0.0001
-0.0049,-0.0015,-0.0081,0.0002,-0.0006,0.0000,0.0000
-0.0272,-0.0052,-0.0449,0.0009,-0.0030,0.0004,0.0001
-0.0494,-0.0088,-0.0817,0.0015,-0.0055,0.0008,0.0002
-0.0715,-0.0123,-0.1183,0.0022,-0.0080,0.0011,0.0002
-0.0921,-0.0157,-0.1525,0.0028,-0.0103,0.0014,0.0003
-0.1153,-0.0194,-0.1910,0.0035,-0.0129,0.0018,0.0004
-0.1370,-0.0230,-0.2269,0.0042,-0.0153,0.0022,0.0004
-0.1585,-0.0265,-0.2625,0.0048,-0.0177,0.0025,0.0005
-0.1798,-0.0299,-0.2977,0.0055,-0.0200,0.0028,0.0006
-0.2008,-0.0333,-0.3324,0.0061,-0.0224,0.0032,0.0006
-0.2215,-0.0366,-0.3667,0.0068,-0.0247,0.0035,0.0007
-0.2418,-0.0398,-0.4003,0.0074,-0.0269,0.0038,0.0008
-0.2618,-0.0431,-0.4335,0.0080,-0.0292,0.0042,0.0008
-0.2814,-0.0462,-0.4659,0.0087,-0.0313,0.0045,0.0009
-0.3006,-0.0492,-0.4977,0.0093,-0.0335,0.0048,0.0009
-0.3193,-0.0522,-0.5287,0.0099,-0.0356,0.0051,0.0010
-0.3376,-0.0551,-0.5589,0.0105,-0.0376,0.0054,0.0011
-0.3553,-0.0579,-0.5883,0.0111,-0.0396,0.0057,0.0011
-0.3725,-0.0605,-0.6168,0.0117,-0.0415,0.0060,0.0012
-0.3893,-0.0630,-0.6444,0.0123,-0.0434,0.0063,0.0013
-0.4053,-0.0654,-0.6710,0.0129,-0.0451,0.0066,0.0013
-0.4208,-0.0675,-0.6966,0.0136,-0.0468,0.0069,0.0013
-0.4356,-0.0696,-0.7212,0.0142,-0.0485,0.0072,0.0014
-0.4498,-0.0715,-0.7448,0.0148,-0.0500,0.0074,0.0014
-0.4634,-0.0733,-0.7671,0.0155,-0.0515,0.0077,0.0015
-0.4762,-0.0748,-0.7884,0.0162,-0.0530,0.0080,0.0015
-0.4884,-0.0760,-0.8085,0.0169,-0.0543,0.0083,0.0016
-0.4998,-0.0771,-0.8275,0.0176,-0.0555,0.0085,0.0016
-0.5104,-0.0781,-0.8451,0.0183,-0.0567,0.0088,0.0016
-0.5198,-0.0787,-0.8605,0.0194,-0.0577,0.0092,0.0017
-0.5296,-0.0790,-0.8767,0.0202,-0.0588,0.0094,0.0017
-0.5379,-0.0791,-0.8906,0.0210,-0.0596,0.0096,0.0017
-0.5453,-0.0792,-0.9030,0.0218,-0.0604,0.0099,0.0017
-0.5522,-0.0790,-0.9143,0.0228,-0.0611,0.0102,0.0017
-0.5581,-0.0787,-0.9240,0.0238,-0.0618,0.0105,0.0018
-0.5632,-0.0779,-0.9324,0.0246,-0.0623,0.0107,0.0018
-0.5674,-0.0778,-0.9395,0.0258,-0.0627,0.0111,0.0017
-0.5708,-0.0765,-0.9451,0.0264,-0.0631,0.0112,0.0018
-0.5734,-0.0758,-0.9493,0.0275,-0.0634,0.0116,0.0019
-0.5748,-0.0737,-0.9523,0.0281,-0.0632,0.0116,0.0016
-0.5757,-0.0726,-0.9532,0.0294,-0.0635,0.0120,0.0019
-0.5759,-0.0715,-0.9536,0.0303,-0.0635,0.0123,0.0019
-0.5749,-0.0697,-0.9520,0.0314,-0.0633,0.0125,0.0018
-0.5730,-0.0680,-0.9490,0.0324,-0.0629,0.0127,0.0017
-0.5703,-0.0657,-0.9447,0.0332,-0.0626,0.0129,0.0017
-0.5669,-0.0634,-0.9390,0.0340,-0.0622,0.0130,0.0017
-0.5625,-0.0603,-0.9320,0.0344,-0.0616,0.0130,0.0017
-0.5574,-0.0585,-0.9234,0.0352,-0.0610,0.0132,0.0017
-0.5512,-0.0551,-0.9133,0.0363,-0.0603,0.0134,0.0017
-0.5443,-0.0529,-0.9020,0.0369,-0.0595,0.0134,0.0016
-0.5367,-0.0503,-0.8893,0.0376,-0.0587,0.0136,0.0017
-0.5279,-0.0474,-0.8754,0.0375,-0.0574,0.0134,0.0014
-0.5188,-0.0445,-0.8600,0.0385,-0.0565,0.0136,0.0016
-0.5087,-0.0419,-0.8434,0.0388,-0.0553,0.0135,0.0015
-0.4978,-0.0406,-0.8254,0.0387,-0.0541,0.0135,0.0014
-0.4862,-0.0380,-0.8060,0.0395,-0.0528,0.0136,0.0015
-0.4738,-0.0354,-0.7856,0.0394,-0.0514,0.0134,0.0015
-0.4607,-0.0321,-0.7641,0.0392,-0.0500,0.0132,0.0014
-0.4469,-0.0306,-0.7414,0.0389,-0.0483,0.0130,0.0013
-0.4323,-0.0284,-0.7173,0.0387,-0.0466,0.0128,0.0012
-0.4174,-0.0264,-0.6924,0.0386,-0.0451,0.0127,0.0012
-0.4015,-0.0235,-0.6664,0.0374,-0.0433,0.0123,0.0012
-0.3851,-0.0215,-0.6393,0.0371,-0.0414,0.0121,0.0010
-0.3683,-0.0199,-0.6113,0.0363,-0.0397,0.0117,0.0011
-0.3508,-0.0182,-0.5823,0.0351,-0.0377,0.0113,0.0010
-0.3331,-0.0174,-0.5525,0.0338,-0.0360,0.0109,0.0011
-0.3143,-0.0161,-0.5218,0.0325,-0.0337,0.0104,0.0008
-0.2953,-0.0144,-0.4904,0.0313,-0.0316,0.0099,0.0007
-0.2759,-0.0125,-0.4582,0.0295,-0.0296,0.0093,0.0007
-0.2562,-0.0120,-0.4254,0.0279,-0.0275,0.0088,0.0007
-0.2361,-0.0105,-0.3919,0.0259,-0.0253,0.0081,0.0007
-0.2155,-0.0096,-0.3578,0.0241,-0.0231,0.0075,0.0006
-0.1945,-0.0084,-0.3231,0.0220,-0.0207,0.0068,0.0005
-0.1736,-0.0077,-0.2880,0.0197,-0.0187,0.0061,0.0006
-0.1521,-0.0069,-0.2525,0.0176,-0.0163,0.0054,0.0004
-0.1305,-0.0062,-0.2167,0.0152,-0.0140,0.0046,0.0004
-0.1086,-0.0054,-0.1803,0.0128,-0.0116,0.0039,0.0003
-0.0866,-0.0044,-0.1437,0.0103,-0.0093,0.0031,0.0002
-0.0645,-0.0036,-0.1070,0.0078,-0.0069,0.0023,0.0002
-0.0423,-0.0026,-0.0701,0.0052,-0.0045,0.0015,0.0001
-0.0200,-0.0016,-0.0331,0.0026,-0.0021,0.0007,0.0001
0.0024,-0.0007,0.0040,0.0001,0.0003,-0.0001,-0.0000
0.0247,0.0004,0.0410,-0.0025,0.0026,-0.0009,-0.0001
0.0470,0.0014,0.0780,-0.0051,0.0050,-0.0017,-0.0001
0.0692,0.0024,0.1149,-0.0077,0.0074,-0.0025,-0.0002
0.0911,0.0034,0.1513,-0.0102,0.0098,-0.0033,-0.0003
0.1133,0.0044,0.1880,-0.0128,0.0121,-0.0041,-0.0003
0.1351,0.0054,0.2243,-0.0153,0.0144,-0.0048,-0.0004
0.1567,0.0064,0.2601,-0.0178,0.0168,-0.0056,-0.0004
0.1780,0.0074,0.2955,-0.0202,0.0191,-0.0064,-0.0005
0.1992,0.0083,0.3306,-0.0227,0.0213,-0.0071,-0.0006
0.2200,0.0093,0.3651,-0.0250,0.0235,-0.0079,-0.0006
0.2404,0.0103,0.3991,-0.0274,0.0257,-0.0086,-0.0007
0.2605,0.0113,0.4325,-0.0296,0.0279,-0.0093,-0.0007
0.2803,0.0123,0.4652,-0.0319,0.0300,-0.0100,-0.0008
0.2993,0.0133,0.4968,-0.0340,0.0320,-0.0107,-0.0009
0.3184,0.0143,0.5285,-0.0361,0.0341,-0.0113,-0.0009
0.3368,0.0154,0.5590,-0.0382,0.0361,-0.0120,-0.0010
0.3547,0.0164,0.5887,-0.0401,0.0379,-0.0126,-0.0010
0.3720,0.0175,0.6174,-0.0420,0.0398,-0.0132,-0.0011
0.3889,0.0185,0.6452,-0.0436,0.0416,-0.0137,-0.0011
0.4051,0.0199,0.6721,-0.0454,0.0434,-0.0143,-0.0012
0.4207,0.0209,0.6980,-0.0470,0.0451,-0.0148,-0.0012
0.4356,0.0219,0.7228,-0.0484,0.0466,-0.0152,-0.0012
0.4500,0.0231,0.7465,-0.0498,0.0482,-0.0157,-0.0013
0.4637,0.0242,0.7692,-0.0510,0.0497,-0.0161,-0.0013
0.4766,0.0253,0.7906,-0.0523,0.0511,-0.0165,-0.0014
0.4888,0.0262,0.8108,-0.0534,0.0524,-0.0169,-0.0014
0.5003,0.0271,0.8299,-0.0544,0.0536,-0.0172,-0.0014
0.5111,0.0281,0.8477,-0.0554,0.0548,-0.0175,-0.0014
0.5211,0.0289,0.8642,-0.0562,0.0559,-0.0178,-0.0015
0.5303,0.0299,0.8795,-0.0570,0.0569,-0.0181,-0.0015
0.5387,0.0307,0.8934,-0.0576,0.0578,-0.0183,-0.0015
0.5463,0.0317,0.9060,-0.0582,0.0586,-0.0185,-0.0016
0.5531,0.0326,0.9172,-0.0586,0.0594,-0.0186,-0.0016
0.5591,0.0333,0.9270,-0.0589,0.0600,-0.0187,-0.0016
0.5642,0.0342,0.9356,-0.0591,0.0606,-0.0188,-0.0016
0.5685,0.0352,0.9426,-0.0592,0.0611,-0.0189,-0.0016
0.5720,0.0363,0.9482,-0.0591,0.0615,-0.0189,-0.0017
0.5745,0.0374,0.9524,-0.0588,0.0618,-0.0189,-0.0017
0.5763,0.0384,0.9552,-0.0586,0.0620,-0.0188,-0.0017
0.5771,0.0392,0.9565,-0.0581,0.0621,-0.0187,-0.0017
0.5770,0.0402,0.9562,-0.0576,0.0621,-0.0186,-0.0017
0.5763,0.0414,0.9548,-0.0571,0.0621,-0.0185,-0.0017
0.5744,0.0419,0.9519,-0.0561,0.0619,-0.0182,-0.0017
0.5718,0.0427,0.9475,-0.0556,0.0615,-0.0180,-0.0016
0.5683,0.0431,0.9416,-0.0545,0.0612,-0.0178,-0.0016
